Account_ID,Account_Age_Days,Layer,Total_In_Amount,Total_Out_Amount,Outflow_Ratio_Pct,Fan_In_Count,Fan_Out_Count,Total_Transactions,Avg_Time_To_Outflow_Min,Min_Balance,Risk_Score,Risk_Level,Is_Mule
ACC00001,2799,Normal,22882.67,8777.37,38.4,4,4,8,0,23463.7,0,Normal,0
ACC00002,636,Normal,32981.01,30802.84,93.4,7,4,11,0,9007.6,30,Normal,0
ACC00003,282,Normal,67939.05,51555.17,75.9,12,8,20,0,-25779.39,30,Normal,0
ACC00004,3217,Normal,80363.06,31601.18,39.3,13,4,17,0,-18041.35,30,Normal,0
ACC00005,1306,Normal,29418.4,49518.99,168.3,3,8,11,0,-7677.19,25,Normal,0
ACC00006,1183,Normal,20756.43,67035.91,323.0,5,10,15,0,-43206.18,55,Watch,0
ACC00007,1094,Normal,40144.69,9000.77,22.4,6,3,9,0,30168.92,30,Normal,0
ACC00008,751,Normal,36282.79,10334.4,28.5,5,2,8,0,13182.81,30,Normal,0
ACC00009,3196,Normal,81885.77,42840.71,52.3,10,9,19,0,-7908.03,30,Normal,0
ACC00010,599,Normal,29669.7,58178.77,196.1,5,9,14,0,-19573.7,55,Watch,0
ACC00011,2951,Normal,42983.15,21902.56,51.0,8,5,13,0,15954.12,30,Normal,0
ACC00012,3213,Normal,60235.12,74225.56,123.2,8,11,19,0,-61590.1,55,Watch,0
ACC00013,2413,Normal,35279.23,62396.78,176.9,7,10,17,0,-23222.47,55,Watch,0
ACC00014,536,Normal,49980.31,62028.6,124.1,8,7,15,0,-22406.18,55,Watch,0
ACC00015,2598,Normal,75647.97,6858.29,9.1,11,3,14,0,39176.73,30,Normal,0
ACC00016,1908,Normal,8966.31,8582.72,95.7,5,3,8,0,-1261.54,55,Watch,0
ACC00017,310,Normal,47698.84,10458.19,21.9,7,3,10,0,33461.72,30,Normal,0
ACC00018,302,Normal,68369.09,42277.31,61.8,11,7,18,0,-17307.81,30,Normal,0
ACC00019,563,Normal,36622.43,56383.25,154.0,6,8,14,0,-10626.1,55,Watch,0
ACC00020,1075,Normal,37166.21,47580.85,128.0,7,9,16,0,-42463.77,55,Watch,0
ACC00021,1132,Normal,69814.46,62733.63,89.9,10,11,21,0,-53332.31,30,Normal,0
ACC00022,2249,Normal,34014.11,82207.28,241.7,10,12,22,0,-37849.4,55,Watch,0
ACC00023,2645,Normal,38112.45,40807.4,107.1,7,5,12,0,-3487.21,55,Watch,0
ACC00024,288,Normal,86421.32,43365.65,50.2,14,7,21,0,-13838.76,30,Normal,0
ACC00025,2478,Normal,7494.01,101887.85,1359.6,3,12,15,0,-56306.88,25,Normal,0
ACC00026,994,Normal,26465.86,22732.25,85.9,5,5,10,0,12960.9,30,Normal,0
ACC00027,3112,Normal,75202.95,7837.17,10.4,10,2,12,0,16356.99,30,Normal,0
ACC00028,2841,Normal,37379.67,22963.8,61.4,5,3,8,0,1695.62,30,Normal,0
ACC00029,3052,Normal,28473.54,29587.14,103.9,5,4,9,0,8709.47,55,Watch,0
ACC00030,2412,Normal,56801.96,20233.03,35.6,12,2,14,0,-15523.72,30,Normal,0
ACC00031,1898,Normal,48294.31,72404.92,149.9,6,12,18,0,-42004.9,55,Watch,0
ACC00032,1082,Normal,35314.23,39288.08,111.3,5,5,10,0,-17244.33,55,Watch,0
ACC00033,2019,Normal,51605.46,90640.52,175.6,8,11,19,0,-70726.89,55,Watch,0
ACC00034,2593,Normal,43819.05,25563.01,58.3,7,3,10,0,8934.67,30,Normal,0
ACC00035,1319,Normal,38794.61,42635.86,109.9,8,7,15,0,-14090.05,55,Watch,0
ACC00036,3495,Normal,35469.26,27350.52,77.1,6,4,10,0,-12104.35,30,Normal,0
ACC00037,206,Normal,11607.38,36154.84,311.5,2,5,8,0,-3775.52,25,Normal,0
ACC00038,3288,Normal,31105.46,53839.72,173.1,5,8,13,0,-27522.31,55,Watch,0
ACC00039,3480,Normal,37929.46,57170.93,150.7,5,9,14,0,-35796.05,55,Watch,0
ACC00040,833,Normal,31535.65,53158.36,168.6,7,7,14,0,-26638.77,55,Watch,0
ACC00041,3039,Normal,19618.17,21065.03,107.4,5,3,8,0,5033.13,55,Watch,0
ACC00042,1911,Normal,28711.6,10524.97,36.7,8,3,11,0,25591.22,30,Normal,0
ACC00043,1573,Normal,72933.25,64907.68,89.0,13,10,23,0,-8628.13,30,Normal,0
ACC00044,1318,Normal,33444.05,35314.11,105.6,6,6,12,0,4961.51,55,Watch,0
ACC00045,816,Normal,20733.95,27273.91,131.5,5,4,9,0,4021.41,55,Watch,0
ACC00046,1061,Normal,56431.69,66988.15,118.7,10,11,21,0,-22948.44,55,Watch,0
ACC00047,3307,Normal,80356.77,30541.38,38.0,10,7,17,0,-2568.68,30,Normal,0
ACC00048,1558,Normal,13500.33,45810.84,339.3,3,7,10,0,-517.67,25,Normal,0
ACC00049,598,Normal,55608.51,44497.8,80.0,9,5,14,0,-40390.59,30,Normal,0
ACC00050,559,Normal,20211.27,64337.87,318.3,3,11,14,0,-56542.51,25,Normal,0
ACC00051,1736,Normal,12912.69,13827.3,107.1,4,2,6,0,30546.07,25,Normal,0
ACC00052,576,Normal,59091.41,44645.1,75.6,9,5,14,0,-2392.6,30,Normal,0
ACC00053,1650,Normal,28511.43,34852.97,122.2,6,5,11,0,14741.04,55,Watch,0
ACC00054,1588,Normal,61962.61,54982.49,88.7,10,7,17,0,-33471.4,30,Normal,0
ACC00055,2652,Normal,73471.22,37900.12,51.6,9,7,16,0,-31641.27,30,Normal,0
ACC00056,1263,Normal,83753.53,14095.46,16.8,10,2,12,0,35443.94,30,Normal,0
ACC00057,3485,Normal,74985.79,15398.51,20.5,8,5,14,0,-10782.28,30,Normal,0
ACC00058,357,Normal,41342.33,63269.53,153.0,7,12,19,0,-47860.11,55,Watch,0
ACC00059,3168,Normal,25881.59,23566.34,91.1,5,6,11,0,18890.3,30,Normal,0
ACC00060,2061,Normal,43690.89,41832.84,95.7,6,7,13,0,-9333.17,55,Watch,0
ACC00061,2376,Normal,62486.66,33848.67,54.2,8,6,14,0,-3793.29,30,Normal,0
ACC00062,691,Normal,18855.06,35850.78,190.1,5,5,10,0,-11015.49,55,Watch,0
ACC00063,1730,Normal,36622.08,83795.62,228.8,8,12,20,0,-39758.33,55,Watch,0
ACC00064,502,Normal,40763.37,48852.93,119.8,5,10,15,0,-2437.82,55,Watch,0
ACC00065,2441,Normal,7702.3,21381.34,277.6,3,3,6,0,-2861.82,25,Normal,0
ACC00066,1380,Normal,28606.64,45730.04,159.9,5,7,12,0,-25215.7,55,Watch,0
ACC00067,3577,Normal,53235.78,16673.2,31.3,8,5,13,0,24995.82,30,Normal,0
ACC00068,2754,Normal,51243.98,73935.41,144.3,10,12,22,0,-20139.75,55,Watch,0
ACC00069,2713,Normal,61510.14,37315.63,60.7,9,5,14,0,-28682.99,30,Normal,0
ACC00070,1661,Normal,42662.33,65546.06,153.6,5,10,15,0,-62333.0,55,Watch,0
ACC00071,2544,Normal,55638.94,62615.68,112.5,9,11,20,0,-34999.6,55,Watch,0
ACC00072,967,Normal,26232.46,68627.55,261.6,4,10,14,0,-21519.5,25,Normal,0
ACC00073,3065,Normal,42684.79,37365.55,87.5,7,7,14,0,-26533.9,30,Normal,0
ACC00074,464,Normal,30663.85,36478.16,119.0,6,4,11,0,2710.65,55,Watch,0
ACC00075,367,Normal,28599.1,42590.85,148.9,6,10,16,0,-3527.9,55,Watch,0
ACC00076,2888,Normal,49993.74,33194.77,66.4,8,5,13,0,-4881.49,30,Normal,0
ACC00077,1113,Normal,43836.48,14391.69,32.8,8,2,10,0,53540.33,30,Normal,0
ACC00078,3346,Normal,35269.22,57245.84,162.3,6,11,17,0,-33479.27,55,Watch,0
ACC00079,1365,Normal,28966.52,36178.61,124.9,7,7,14,0,-3631.73,55,Watch,0
ACC00080,506,Normal,92041.25,52472.29,57.0,12,11,23,0,-12469.85,30,Normal,0
ACC00081,1133,Normal,22003.72,51083.04,232.2,5,7,12,0,3768.88,55,Watch,0
ACC00082,593,Normal,50354.03,21626.76,42.9,7,4,11,0,5608.54,30,Normal,0
ACC00083,1736,Normal,44673.0,43931.35,98.3,8,6,14,0,-31825.79,55,Watch,0
ACC00084,1318,Normal,29814.63,6320.55,21.2,4,2,6,0,31419.92,0,Normal,0
ACC00085,2037,Normal,55208.35,77658.51,140.7,9,12,21,0,-28648.6,55,Watch,0
ACC00086,2783,Normal,52183.41,65076.43,124.7,7,10,17,0,-36005.17,55,Watch,0
ACC00087,3596,Normal,56155.31,12770.28,22.7,7,4,11,0,7315.16,30,Normal,0
ACC00088,1674,Normal,18469.11,72819.81,394.3,4,10,14,0,-47341.41,25,Normal,0
ACC00089,846,Normal,62369.81,35210.46,56.5,10,5,16,0,-31315.01,30,Normal,0
ACC00090,1696,Normal,29983.51,8339.82,27.8,5,3,8,0,17542.54,30,Normal,0
ACC00091,1635,Normal,29719.29,24649.14,82.9,7,5,12,0,-11094.82,30,Normal,0
ACC00092,1038,Normal,45069.24,69651.9,154.5,7,10,17,0,-42394.68,55,Watch,0
ACC00093,2925,Normal,70596.76,53009.0,75.1,11,7,18,0,-19231.89,30,Normal,0
ACC00094,1273,Normal,12960.49,45348.7,349.9,2,8,10,0,-29439.11,25,Normal,0
ACC00095,3054,Normal,68451.9,14286.86,20.9,10,3,13,0,34021.92,30,Normal,0
ACC00096,2979,Normal,50621.22,34267.9,67.7,9,4,13,0,18839.14,30,Normal,0
ACC00097,2834,Normal,47284.38,50940.12,107.7,8,10,18,0,-23623.18,55,Watch,0
ACC00098,472,Normal,30050.2,14053.79,46.8,6,3,9,0,10995.8,30,Normal,0
ACC00099,2675,Normal,59906.49,61063.42,101.9,9,11,20,0,-47979.63,55,Watch,0
ACC00100,2780,Normal,36949.06,79322.87,214.7,9,12,21,0,-34988.22,55,Watch,0
ACC00101,880,Normal,21329.09,38197.5,179.1,4,4,8,0,-4181.67,25,Normal,0
ACC00102,2367,Normal,81426.46,62476.87,76.7,11,8,19,0,-47304.78,30,Normal,0
ACC00103,3166,Normal,39095.34,41810.58,106.9,6,6,12,0,-2993.02,55,Watch,0
ACC00104,1182,Normal,20359.57,19595.96,96.2,4,3,7,0,22839.52,25,Normal,0
ACC00105,849,Normal,58904.27,36748.07,62.4,8,6,14,0,4139.76,30,Normal,0
ACC00106,2073,Normal,49787.42,52094.33,104.6,9,11,20,0,-12144.23,55,Watch,0
ACC00107,1734,Normal,56643.94,42100.18,74.3,10,7,17,0,-17960.58,30,Normal,0
ACC00108,1285,Normal,47795.01,13188.68,27.6,7,3,10,0,27886.52,30,Normal,0
ACC00109,2801,Normal,88381.98,60042.6,67.9,12,11,23,0,-19913.96,30,Normal,0
ACC00110,2998,Normal,87937.92,15235.77,17.3,12,2,14,0,22963.61,30,Normal,0
ACC00111,2461,Normal,63408.79,20867.01,32.9,10,3,13,0,17167.18,30,Normal,0
ACC00112,1079,Normal,8889.53,35949.35,404.4,3,7,10,0,-586.89,25,Normal,0
ACC00113,2984,Normal,42760.59,46651.35,109.1,7,8,15,0,7257.06,55,Watch,0
ACC00114,1508,Normal,35027.81,49380.29,141.0,5,10,15,0,-22167.61,55,Watch,0
ACC00115,3632,Normal,15783.13,47022.28,297.9,5,6,11,0,-243.38,55,Watch,0
ACC00116,3327,Normal,43480.77,55851.82,128.5,9,6,15,0,-8654.66,55,Watch,0
ACC00117,3358,Normal,50518.53,54402.59,107.7,6,11,17,0,-51487.57,55,Watch,0
ACC00118,409,Normal,38846.77,49312.78,126.9,7,9,16,0,-17843.83,55,Watch,0
ACC00119,1118,Normal,39199.9,27377.84,69.8,9,5,14,0,-1723.02,30,Normal,0
ACC00120,3546,Normal,4486.81,27833.75,620.3,1,4,5,0,-788.85,25,Normal,0
ACC00121,311,Normal,30832.52,71731.43,232.6,3,10,13,0,-24523.03,25,Normal,0
ACC00122,3477,Normal,11813.37,45624.96,386.2,3,7,10,0,-6348.88,25,Normal,0
ACC00123,1472,Normal,25049.11,45617.61,182.1,6,5,11,0,-27621.98,55,Watch,0
ACC00124,1823,Normal,35592.33,24442.41,68.7,6,6,12,0,-5492.61,30,Normal,0
ACC00125,1276,Normal,48990.48,25964.63,53.0,8,4,12,0,23275.77,30,Normal,0
ACC00126,451,Normal,63272.03,20906.05,33.0,10,2,12,0,17914.52,30,Normal,0
ACC00127,1044,Normal,36498.16,58819.25,161.2,4,8,12,0,-13213.8,25,Normal,0
ACC00128,2503,Normal,26697.93,31580.11,118.3,4,6,10,0,8398.43,25,Normal,0
ACC00129,3120,Normal,56363.25,25066.19,44.5,7,4,11,0,-17881.19,30,Normal,0
ACC00130,1468,Normal,28768.38,24322.78,84.5,7,7,14,0,2549.42,30,Normal,0
ACC00131,1050,Normal,30826.84,25811.35,83.7,4,5,9,0,13822.08,0,Normal,0
ACC00132,2864,Normal,29598.54,29323.41,99.1,7,7,14,0,20683.04,55,Watch,0
ACC00133,2224,Normal,31707.11,47737.32,150.6,4,6,10,0,1540.87,25,Normal,0
ACC00134,1800,Normal,38243.25,58104.38,151.9,7,11,18,0,-24103.88,55,Watch,0
ACC00135,2813,Normal,44935.44,74679.04,166.2,8,11,19,0,-33322.06,55,Watch,0
ACC00136,2059,Normal,103191.1,34191.54,33.1,14,6,20,0,-17060.91,30,Normal,0
ACC00137,765,Normal,11245.5,29375.52,261.2,4,4,8,0,-7683.03,25,Normal,0
ACC00138,1264,Normal,48638.12,27681.48,56.9,10,4,14,0,-1857.48,30,Normal,0
ACC00139,751,Normal,23512.98,52823.28,224.7,4,10,14,0,-16258.42,25,Normal,0
ACC00140,1190,Normal,69657.68,39489.25,56.7,9,8,17,0,-35862.93,30,Normal,0
ACC00141,3231,Normal,45642.11,30999.32,67.9,8,8,16,0,2042.99,30,Normal,0
ACC00142,2479,Normal,42245.44,72920.36,172.6,8,12,20,0,-37655.23,55,Watch,0
ACC00143,2387,Normal,45309.36,64978.7,143.4,7,9,16,0,-42137.65,55,Watch,0
ACC00144,1256,Normal,54239.39,11615.23,21.4,7,3,10,0,35978.92,30,Normal,0
ACC00145,3239,Normal,27326.86,41093.7,150.4,4,6,10,0,10394.29,25,Normal,0
ACC00146,2574,Normal,45774.08,36286.46,79.3,7,6,13,0,-9775.18,30,Normal,0
ACC00147,1934,Normal,60019.15,17494.84,29.1,11,2,13,0,17711.86,30,Normal,0
ACC00148,2570,Normal,41157.79,53371.83,129.7,9,12,21,0,-7794.62,55,Watch,0
ACC00149,1815,Normal,31911.48,33719.54,105.7,6,5,11,0,18773.03,55,Watch,0
ACC00150,1662,Normal,27598.46,3800.52,13.8,5,2,7,0,27796.78,30,Normal,0
ACC00151,1078,Normal,30853.08,43547.92,141.1,6,6,12,0,-28708.34,55,Watch,0
ACC00152,746,Normal,32479.16,51509.95,158.6,5,8,13,0,-35380.85,55,Watch,0
ACC00153,2267,Normal,46043.85,34900.53,75.8,7,7,14,0,713.63,30,Normal,0
ACC00154,2201,Normal,49627.78,18754.73,37.8,12,3,15,0,22023.8,30,Normal,0
ACC00155,552,Normal,33081.62,35775.48,108.1,5,5,10,0,-5581.59,55,Watch,0
ACC00156,3275,Normal,40289.21,29990.21,74.4,7,4,11,0,16832.36,30,Normal,0
ACC00157,372,Normal,45400.02,29251.82,64.4,8,4,12,0,3801.87,30,Normal,0
ACC00158,629,Normal,93159.53,42651.86,45.8,18,9,27,0,7860.13,30,Normal,0
ACC00159,806,Normal,45841.67,64312.58,140.3,7,10,17,0,-19610.88,55,Watch,0
ACC00160,2750,Normal,59621.24,11477.34,19.3,8,2,10,0,7390.72,30,Normal,0
ACC00161,835,Normal,56537.99,56383.94,99.7,8,8,16,0,-2916.63,55,Watch,0
ACC00162,3424,Normal,60994.26,1477.06,2.4,9,2,11,0,34580.2,30,Normal,0
ACC00163,2967,Normal,31467.57,29143.36,92.6,6,5,11,0,16331.17,30,Normal,0
ACC00164,1909,Normal,50552.38,72560.26,143.5,9,12,21,0,-25541.52,55,Watch,0
ACC00165,2622,Normal,54516.24,57029.77,104.6,7,8,16,0,-19746.81,55,Watch,0
ACC00166,440,Normal,73393.02,4994.49,6.8,11,2,13,0,41970.92,30,Normal,0
ACC00167,1756,Normal,45502.43,48235.67,106.0,9,9,18,0,3740.84,55,Watch,0
ACC00168,1743,Normal,62971.31,17510.56,27.8,12,3,15,0,-917.7,30,Normal,0
ACC00169,2620,Normal,22833.25,38569.18,168.9,6,7,13,0,15059.12,55,Watch,0
ACC00170,2097,Normal,55223.12,53042.03,96.1,10,8,18,0,-44594.17,55,Watch,0
ACC00171,2347,Normal,34706.35,21763.68,62.7,5,2,7,0,19685.66,30,Normal,0
ACC00172,1209,Normal,34965.83,33412.63,95.6,5,5,10,0,20899.45,55,Watch,0
ACC00173,2446,Normal,20951.4,57382.64,273.9,6,10,16,0,-6862.45,55,Watch,0
ACC00174,227,Normal,61689.19,29125.26,47.2,10,5,15,0,11637.9,30,Normal,0
ACC00175,2966,Normal,56144.75,13590.62,24.2,10,2,12,0,2420.08,30,Normal,0
ACC00176,3132,Normal,13575.46,44305.52,326.4,3,10,13,0,-4889.01,25,Normal,0
ACC00177,649,Normal,62530.73,56285.25,90.0,10,9,19,0,-36319.62,30,Normal,0
ACC00178,2972,Normal,54958.23,53431.78,97.2,10,11,21,0,-43424.3,55,Watch,0
ACC00179,2379,Normal,22396.13,23574.14,105.3,4,3,7,0,-12383.44,25,Normal,0
ACC00180,3255,Normal,55203.57,56075.86,101.6,7,10,17,0,-40387.73,55,Watch,0
ACC00181,1272,Normal,39420.96,48290.89,122.5,4,8,12,0,-28943.0,25,Normal,0
ACC00182,3328,Normal,111135.65,50644.39,45.6,14,8,23,0,8802.89,30,Normal,0
ACC00183,2805,Normal,67968.44,76095.56,112.0,9,12,21,0,-60335.83,55,Watch,0
ACC00184,1573,Normal,28068.86,26857.54,95.7,4,3,7,0,-2947.76,25,Normal,0
ACC00185,636,Normal,55374.9,46953.18,84.8,9,7,16,0,4408.69,30,Normal,0
ACC00186,1382,Normal,43237.78,42718.05,98.8,8,6,14,0,-4859.17,55,Watch,0
ACC00187,1960,Normal,10163.48,45225.57,445.0,2,7,9,0,-17889.04,25,Normal,0
ACC00188,827,Normal,101087.81,66626.25,65.9,11,11,22,0,5615.74,30,Normal,0
ACC00189,2038,Normal,33915.58,48451.32,142.9,7,9,16,0,-6756.69,55,Watch,0
ACC00190,193,Normal,52153.91,17163.75,32.9,7,6,13,0,36168.18,30,Normal,0
ACC00191,3137,Normal,47453.97,32287.86,68.0,6,6,12,0,-1805.74,30,Normal,0
ACC00192,3127,Normal,56248.62,50402.39,89.6,10,8,18,0,-15890.98,30,Normal,0
ACC00193,1258,Normal,51158.62,44669.31,87.3,11,9,20,0,-183.14,30,Normal,0
ACC00194,2230,Normal,44582.18,50914.98,114.2,6,8,14,0,-27825.86,55,Watch,0
ACC00195,3300,Normal,44693.25,33751.6,75.5,8,8,16,0,20177.62,30,Normal,0
ACC00196,911,Normal,51053.26,22038.14,43.2,8,4,12,0,-4606.49,30,Normal,0
ACC00197,2259,Normal,34179.11,30317.43,88.7,5,4,9,0,2343.92,30,Normal,0
ACC00198,615,Normal,14210.33,62403.95,439.1,4,10,14,0,-30119.49,25,Normal,0
ACC00199,2741,Normal,60133.16,50825.31,84.5,11,11,22,0,-4511.31,30,Normal,0
ACC00200,1402,Normal,56354.58,92715.07,164.5,11,12,23,0,-25506.18,55,Watch,0
ACC00201,3627,Normal,57116.75,12080.04,21.1,9,3,12,0,1005.48,30,Normal,0
ACC00202,2797,Normal,63693.9,53376.87,83.8,8,9,17,0,-44742.25,30,Normal,0
ACC00203,2259,Normal,42717.58,26930.81,63.0,9,4,13,0,2389.98,30,Normal,0
ACC00204,2674,Normal,37098.19,17904.44,48.3,6,2,8,0,45565.04,30,Normal,0
ACC00205,994,Normal,69510.37,24972.03,35.9,12,3,15,0,29334.63,30,Normal,0
ACC00206,806,Normal,25677.5,41309.41,160.9,6,7,13,0,-19493.53,55,Watch,0
ACC00207,1711,Normal,59663.0,36902.15,61.9,10,4,14,0,11808.77,30,Normal,0
ACC00208,3303,Normal,33994.05,64498.11,189.7,6,9,15,0,-48368.69,55,Watch,0
ACC00209,841,Normal,32836.49,62415.02,190.1,5,12,17,0,-33595.57,55,Watch,0
ACC00210,2389,Normal,21776.21,47298.9,217.2,7,9,16,0,-1494.2,55,Watch,0
ACC00211,3369,Normal,46533.42,56722.39,121.9,6,9,15,0,-7967.02,55,Watch,0
ACC00212,2352,Normal,35084.71,33195.03,94.6,5,6,11,0,-19095.84,30,Normal,0
ACC00213,182,Normal,56893.0,92454.29,162.5,8,12,20,0,-50262.07,55,Watch,0
ACC00214,2633,Normal,46458.88,64417.3,138.7,6,11,17,0,-21322.64,55,Watch,0
ACC00215,1507,Normal,51423.44,39232.42,76.3,9,7,16,0,-19392.73,30,Normal,0
ACC00216,2181,Normal,10886.36,82249.01,755.5,3,11,14,0,-80025.95,25,Normal,0
ACC00217,259,Normal,42502.99,39672.62,93.3,7,7,14,0,-11267.95,30,Normal,0
ACC00218,638,Normal,62678.63,33642.65,53.7,8,10,18,0,5723.56,30,Normal,0
ACC00219,1666,Normal,42095.31,55424.1,131.7,6,11,17,0,-21412.47,55,Watch,0
ACC00220,3586,Normal,18362.38,39521.3,215.2,6,7,13,0,6384.46,55,Watch,0
ACC00221,3484,Normal,28552.1,59133.65,207.1,6,9,15,0,-17318.86,55,Watch,0
ACC00222,1439,Normal,63917.44,19186.21,30.0,9,4,13,0,-9505.53,30,Normal,0
ACC00223,1160,Normal,65116.66,40378.81,62.0,8,7,15,0,14041.59,30,Normal,0
ACC00224,417,Normal,64132.27,33283.92,51.9,12,9,21,0,-10942.58,30,Normal,0
ACC00225,1166,Normal,49592.56,42533.73,85.8,9,9,18,0,-9313.46,30,Normal,0
ACC00226,2503,Normal,39512.12,28139.85,71.2,9,4,13,0,-171.31,30,Normal,0
ACC00227,502,Normal,26524.11,27061.42,102.0,6,7,13,0,-5003.77,55,Watch,0
ACC00228,530,Normal,58208.82,25428.17,43.7,9,8,17,0,36780.33,30,Normal,0
ACC00229,3177,Normal,58627.08,63708.41,108.7,10,10,21,0,11725.95,55,Watch,0
ACC00230,2170,Normal,30032.36,80907.23,269.4,6,12,18,0,-77408.96,55,Watch,0
ACC00231,3522,Normal,33957.08,16416.26,48.3,7,2,9,0,35166.16,30,Normal,0
ACC00232,463,Normal,29849.11,49983.45,167.5,5,10,15,0,4988.95,55,Watch,0
ACC00233,3295,Normal,67857.42,52279.21,77.0,10,9,20,0,-12759.15,30,Normal,0
ACC00234,2361,Normal,18687.4,81043.77,433.7,7,12,19,0,-43874.76,55,Watch,0
ACC00235,3316,Normal,24896.92,50155.1,201.5,7,8,15,0,-8389.08,55,Watch,0
ACC00236,695,Normal,61715.27,60550.86,98.1,7,10,18,0,-38852.17,55,Watch,0
ACC00237,705,Normal,69971.73,20281.95,29.0,9,3,12,0,-4261.54,30,Normal,0
ACC00238,2882,Normal,49593.56,75855.46,153.0,9,10,19,0,-53808.25,55,Watch,0
ACC00239,2126,Normal,58059.94,27025.71,46.5,8,7,15,0,29283.92,30,Normal,0
ACC00240,2431,Normal,37522.2,30976.7,82.6,8,7,15,0,-4900.23,30,Normal,0
ACC00241,856,Normal,69141.43,84636.95,122.4,13,10,23,0,-40687.11,55,Watch,0
ACC00242,1265,Normal,30243.89,53847.21,178.0,6,11,17,0,-24851.55,55,Watch,0
ACC00243,2341,Normal,34101.08,13298.12,39.0,6,2,8,0,4591.57,30,Normal,0
ACC00244,2664,Normal,22108.81,72831.99,329.4,3,12,15,0,-50376.04,25,Normal,0
ACC00245,1913,Normal,66654.36,68483.06,102.7,9,8,17,0,-55775.42,55,Watch,0
ACC00246,1047,Normal,74245.42,14582.82,19.6,10,3,13,0,9820.23,30,Normal,0
ACC00247,2388,Normal,61316.67,75316.27,122.8,11,10,23,0,-49070.37,55,Watch,0
ACC00248,3273,Normal,33490.17,37138.46,110.9,6,6,12,0,-14721.09,55,Watch,0
ACC00249,3169,Normal,73958.3,44406.04,60.0,10,7,17,0,-19373.48,30,Normal,0
ACC00250,3005,Normal,37047.86,64844.53,175.0,4,10,14,0,-53318.35,25,Normal,0
ACC00251,1003,Normal,37902.62,16526.7,43.6,10,5,15,0,25594.66,30,Normal,0
ACC00252,3100,Normal,33713.14,84512.84,250.7,5,11,17,0,-55652.92,55,Watch,0
ACC00253,1456,Normal,40307.91,46773.97,116.0,5,10,15,0,-4308.24,55,Watch,0
ACC00254,1814,Normal,43952.02,38442.72,87.5,10,6,16,0,-22041.17,30,Normal,0
ACC00255,2931,Normal,52276.48,18852.11,36.1,9,4,13,0,32278.3,30,Normal,0
ACC00256,2841,Normal,50545.72,37178.6,73.6,8,8,16,0,-20519.62,30,Normal,0
ACC00257,1709,Normal,43497.08,46620.69,107.2,7,7,15,0,14747.95,55,Watch,0
ACC00258,1974,Normal,44794.19,49215.17,109.9,5,9,14,0,-2287.54,55,Watch,0
ACC00259,2299,Normal,48159.65,74285.7,154.2,8,12,20,0,-34691.3,55,Watch,0
ACC00260,2029,Normal,45294.29,61572.9,135.9,10,12,22,0,-15805.3,55,Watch,0
ACC00261,675,Normal,53563.6,75087.58,140.2,10,10,20,0,-42649.62,55,Watch,0
ACC00262,1195,Normal,28933.86,49604.49,171.4,5,9,14,0,-2412.77,55,Watch,0
ACC00263,1100,Normal,29344.36,88347.93,301.1,4,12,16,0,-64777.78,25,Normal,0
ACC00264,442,Normal,68416.86,15689.15,22.9,12,4,16,0,32009.84,30,Normal,0
ACC00265,1564,Normal,56423.15,14459.76,25.6,9,2,11,0,36283.54,30,Normal,0
ACC00266,266,Normal,27305.32,24872.53,91.1,6,4,10,0,-5944.13,30,Normal,0
ACC00267,2589,Normal,32204.22,40217.07,124.9,5,7,13,0,-34562.71,55,Watch,0
ACC00268,2448,Normal,105231.27,47575.73,45.2,14,6,20,0,27738.36,30,Normal,0
ACC00269,1122,Normal,66058.84,68239.25,103.3,10,12,22,0,-15637.6,55,Watch,0
ACC00270,2590,Normal,40985.12,34510.77,84.2,9,7,16,0,-12608.33,30,Normal,0
ACC00271,1082,Normal,67150.58,59048.66,87.9,12,12,24,0,3309.07,30,Normal,0
ACC00272,209,Normal,57059.28,71656.83,125.6,10,9,19,0,-10971.77,55,Watch,0
ACC00273,470,Normal,9464.66,8238.57,87.0,2,3,5,0,22283.14,0,Normal,0
ACC00274,3079,Normal,94222.51,78030.91,82.8,12,12,24,0,-45433.21,30,Normal,0
ACC00275,2764,Normal,35519.84,86548.96,243.7,5,12,18,0,-55579.11,55,Watch,0
ACC00276,421,Normal,29807.38,63424.41,212.8,4,11,15,0,-20665.67,25,Normal,0
ACC00277,1117,Normal,42376.84,41997.38,99.1,5,9,14,0,1181.11,55,Watch,0
ACC00278,456,Normal,34971.67,24676.46,70.6,5,3,8,0,-5304.76,30,Normal,0
ACC00279,308,Normal,39187.84,22035.0,56.2,4,3,7,0,-6899.22,0,Normal,0
ACC00280,1533,Normal,80497.86,34101.12,42.4,13,7,20,0,28978.32,30,Normal,0
ACC00281,470,Normal,62753.16,93805.75,149.5,11,12,23,0,-51862.17,55,Watch,0
ACC00282,2285,Normal,46209.98,85105.67,184.2,6,12,18,0,-49547.12,55,Watch,0
ACC00283,1154,Normal,60358.39,23418.09,38.8,10,4,14,0,19001.38,30,Normal,0
ACC00284,1320,Normal,62388.58,50490.75,80.9,9,7,16,0,-1732.84,30,Normal,0
ACC00285,2920,Normal,83198.11,60622.95,72.9,14,11,26,0,31255.28,30,Normal,0
ACC00286,2168,Normal,56832.7,19362.19,34.1,8,4,12,0,27889.85,30,Normal,0
ACC00287,1057,Normal,41616.66,48967.67,117.7,11,9,20,0,-7122.13,55,Watch,0
ACC00288,2388,Normal,56656.92,69657.46,122.9,6,11,17,0,-23812.02,55,Watch,0
ACC00289,721,Normal,13174.7,40241.61,305.4,5,5,10,0,-15391.49,55,Watch,0
ACC00290,3142,Normal,70637.28,31998.07,45.3,11,6,17,0,22975.78,30,Normal,0
ACC00291,2518,Normal,65236.52,66989.06,102.7,11,8,20,0,-46710.72,55,Watch,0
ACC00292,2540,Normal,58334.69,41089.06,70.4,9,7,16,0,-318.29,30,Normal,0
ACC00293,2116,Normal,22470.09,28997.09,129.0,4,5,9,0,-10923.91,25,Normal,0
ACC00294,1175,Normal,32333.8,73105.83,226.1,6,9,15,0,-56864.65,55,Watch,0
ACC00295,3393,Normal,32550.84,32850.83,100.9,5,8,13,0,6375.19,55,Watch,0
ACC00296,2117,Normal,21081.85,36746.67,174.3,4,5,9,0,-32890.84,25,Normal,0
ACC00297,3487,Normal,54361.72,47279.3,87.0,12,8,20,0,3928.16,30,Normal,0
ACC00298,1847,Normal,105411.82,38591.67,36.6,11,7,18,0,51882.32,30,Normal,0
ACC00299,959,Normal,50626.54,23528.46,46.5,7,5,12,0,52885.87,30,Normal,0
ACC00300,566,Normal,62516.18,20420.5,32.7,10,3,13,0,35275.74,30,Normal,0
ACC00301,577,Normal,18474.32,57619.61,311.9,5,9,14,0,-26913.25,55,Watch,0
ACC00302,2879,Normal,14333.97,42267.89,294.9,4,8,12,0,4208.08,25,Normal,0
ACC00303,1945,Normal,84123.33,33857.2,40.2,14,5,19,0,5570.85,30,Normal,0
ACC00304,1631,Normal,18099.46,44843.29,247.8,4,8,12,0,-38808.53,25,Normal,0
ACC00305,1914,Normal,32473.08,11326.85,34.9,3,2,5,0,41992.92,0,Normal,0
ACC00306,1863,Normal,47861.96,30593.5,63.9,8,4,12,0,38424.91,30,Normal,0
ACC00307,2092,Normal,38207.0,15738.46,41.2,7,3,10,0,30680.47,30,Normal,0
ACC00308,3166,Normal,68191.05,69937.9,102.6,12,12,24,0,6696.07,55,Watch,0
ACC00309,401,Normal,48806.24,63954.78,131.0,8,9,17,0,-44417.03,55,Watch,0
ACC00310,2938,Normal,16652.87,71436.22,429.0,3,12,15,0,-36396.28,25,Normal,0
ACC00311,2856,Normal,38191.99,14662.67,38.4,7,2,9,0,36611.57,30,Normal,0
ACC00312,2826,Normal,23659.95,24171.42,102.2,4,5,9,0,33961.54,25,Normal,0
ACC00313,583,Normal,47314.0,20913.22,44.2,10,5,15,0,145.34,30,Normal,0
ACC00314,428,Normal,31986.88,14110.8,44.1,6,5,11,0,31813.85,30,Normal,0
ACC00315,1829,Normal,0.0,58153.92,0,0,11,11,0,-9154.17,0,Normal,0
ACC00316,3162,Normal,29246.65,39520.5,135.1,6,7,13,0,15094.62,55,Watch,0
ACC00317,1569,Normal,25138.65,53216.33,211.7,4,8,12,0,-9865.17,25,Normal,0
ACC00318,3459,Normal,63210.17,11665.94,18.5,11,3,14,0,47795.04,30,Normal,0
ACC00319,627,Normal,77373.3,45837.7,59.2,14,9,23,0,-20418.62,30,Normal,0
ACC00320,1198,Normal,45843.23,55166.2,120.3,11,10,21,0,-8176.97,55,Watch,0
ACC00321,964,Normal,75065.08,65059.88,86.7,10,8,18,0,-19291.94,30,Normal,0
ACC00322,959,Normal,51672.35,63690.38,123.3,8,11,19,0,-49397.29,55,Watch,0
ACC00323,2376,Normal,30147.01,63064.26,209.2,5,12,17,0,-31078.93,55,Watch,0
ACC00324,2017,Normal,30825.89,13849.36,44.9,5,5,10,0,-834.66,30,Normal,0
ACC00325,754,Normal,22922.19,93652.85,408.6,5,12,17,0,-46055.17,55,Watch,0
ACC00326,1908,Normal,47713.92,61665.36,129.2,8,10,18,0,-7354.02,55,Watch,0
ACC00327,931,Normal,57708.32,6590.3,11.4,9,3,12,0,21419.84,30,Normal,0
ACC00328,1320,Normal,12290.37,20167.32,164.1,3,4,7,0,28615.36,25,Normal,0
ACC00329,2074,Normal,70397.15,76763.42,109.0,10,12,22,0,-44372.27,55,Watch,0
ACC00330,1203,Normal,51478.9,76954.24,149.5,9,12,21,0,-31216.64,55,Watch,0
ACC00331,488,Normal,56356.93,19448.17,34.5,8,5,13,0,23676.98,30,Normal,0
ACC00332,1995,Normal,52173.32,50545.82,96.9,9,9,18,0,-23441.8,55,Watch,0
ACC00333,3489,Normal,32867.88,33920.36,103.2,4,6,10,0,2753.15,25,Normal,0
ACC00334,2434,Normal,37848.59,5204.27,13.8,6,3,9,0,46487.59,30,Normal,0
ACC00335,581,Normal,48812.7,35726.89,73.2,8,5,13,0,-5981.15,30,Normal,0
ACC00336,387,Normal,55797.13,67360.81,120.7,7,11,18,0,-40327.52,55,Watch,0
ACC00337,2851,Normal,64966.15,55300.61,85.1,9,11,20,0,20222.68,30,Normal,0
ACC00338,2394,Normal,60451.49,28485.11,47.1,8,5,13,0,7395.68,30,Normal,0
ACC00339,3604,Normal,62311.14,56698.12,91.0,12,8,21,0,-18118.46,30,Normal,0
ACC00340,240,Normal,68016.5,39889.96,58.6,10,6,16,0,50104.1,30,Normal,0
ACC00341,562,Normal,42157.35,38410.45,91.1,5,6,12,0,-15732.72,30,Normal,0
ACC00342,3266,Normal,39777.96,46457.84,116.8,7,5,12,0,-35377.2,55,Watch,0
ACC00343,1148,Normal,36320.88,56867.55,156.6,5,8,13,0,-23161.22,55,Watch,0
ACC00344,861,Normal,29139.16,41575.15,142.7,7,6,13,0,-16188.76,55,Watch,0
ACC00345,1844,Normal,10399.16,20788.73,199.9,5,4,9,0,-10364.34,55,Watch,0
ACC00346,2169,Normal,89596.69,22254.63,24.8,13,3,16,0,52842.85,30,Normal,0
ACC00347,2151,Normal,18099.36,25099.81,138.7,4,3,7,0,5972.93,25,Normal,0
ACC00348,1055,Normal,26408.09,92188.97,349.1,5,11,16,0,-54682.6,55,Watch,0
ACC00349,1822,Normal,37352.63,57950.2,155.1,6,12,18,0,-20034.92,55,Watch,0
ACC00350,420,Normal,72880.19,22586.79,31.0,9,5,14,0,46852.87,30,Normal,0
ACC00351,854,Normal,11800.3,28559.45,242.0,4,6,10,0,-672.48,25,Normal,0
ACC00352,1732,Normal,43116.3,26883.93,62.4,7,4,11,0,17711.97,30,Normal,0
ACC00353,188,Normal,46404.3,15847.55,34.2,7,3,10,0,48217.98,30,Normal,0
ACC00354,1779,Normal,53102.25,10876.74,20.5,8,2,10,0,34751.95,30,Normal,0
ACC00355,1266,Normal,23980.09,24888.92,103.8,5,4,9,0,706.7,55,Watch,0
ACC00356,3391,Normal,30472.64,70434.38,231.1,5,10,15,0,-20630.46,55,Watch,0
ACC00357,3395,Normal,57102.58,43635.23,76.4,10,10,20,0,-3071.55,30,Normal,0
ACC00358,2043,Normal,56139.93,54002.85,96.2,7,8,16,0,-22560.85,55,Watch,0
ACC00359,1348,Normal,1233.32,31075.05,2519.6,2,4,6,0,18151.9,25,Normal,0
ACC00360,1912,Normal,14118.64,22946.54,162.5,3,7,11,0,4209.84,25,Normal,0
ACC00361,3033,Normal,44704.18,14376.67,32.2,8,5,13,0,25043.72,30,Normal,0
ACC00362,3172,Normal,37952.13,59683.5,157.3,5,9,15,0,-6184.15,55,Watch,0
ACC00363,3388,Normal,61083.92,29471.98,48.2,8,3,11,0,29576.83,30,Normal,0
ACC00364,2456,Normal,30819.86,20346.63,66.0,4,3,7,0,3676.54,0,Normal,0
ACC00365,2891,Normal,20775.79,65541.77,315.5,3,11,14,0,-20396.07,25,Normal,0
ACC00366,3122,Normal,33880.4,66102.74,195.1,6,12,19,0,-9234.35,55,Watch,0
ACC00367,2173,Normal,25399.09,65762.36,258.9,6,11,17,0,4603.17,55,Watch,0
ACC00368,814,Normal,46031.47,60625.62,131.7,6,11,17,0,-32490.78,55,Watch,0
ACC00369,957,Normal,38573.8,24234.43,62.8,5,5,10,0,34869.1,30,Normal,0
ACC00370,1395,Normal,65346.08,28609.57,43.8,10,4,14,0,7836.59,30,Normal,0
ACC00371,1071,Normal,37964.78,43557.9,114.7,9,9,18,0,14662.24,55,Watch,0
ACC00372,419,Normal,44273.23,60205.29,136.0,8,9,17,0,-19847.87,55,Watch,0
ACC00373,2552,Normal,52155.43,11649.13,22.3,10,3,13,0,45678.22,30,Normal,0
ACC00374,3193,Normal,24296.46,74750.49,307.7,4,10,14,0,-27432.32,25,Normal,0
ACC00375,2400,Normal,32641.4,37480.01,114.8,5,7,12,0,-10077.8,55,Watch,0
ACC00376,429,Normal,12787.66,63159.79,493.9,3,10,13,0,-12162.01,25,Normal,0
ACC00377,3243,Normal,57268.37,40902.48,71.4,8,8,16,0,243.53,30,Normal,0
ACC00378,1464,Normal,64170.57,70411.96,109.7,11,12,23,0,-10413.94,55,Watch,0
ACC00379,414,Normal,45755.95,45217.14,98.8,8,9,18,0,6984.11,55,Watch,0
ACC00380,385,Normal,79854.8,19687.75,24.7,11,3,15,0,18423.86,30,Normal,0
ACC00381,2572,Normal,73110.43,62083.67,84.9,10,9,19,0,-37869.8,30,Normal,0
ACC00382,2132,Normal,61649.02,22395.01,36.3,12,5,17,0,60030.92,30,Normal,0
ACC00383,2239,Normal,65425.43,32085.14,49.0,10,6,16,0,22827.12,30,Normal,0
ACC00384,2355,Normal,58566.67,7586.81,13.0,10,2,12,0,62120.18,30,Normal,0
ACC00385,824,Normal,57207.76,65842.65,115.1,8,12,20,0,10918.86,55,Watch,0
ACC00386,412,Normal,30120.26,54598.48,181.3,6,7,13,0,-31110.45,55,Watch,0
ACC00387,2260,Normal,31054.08,59619.5,192.0,6,12,18,0,4832.94,55,Watch,0
ACC00388,508,Normal,38906.23,67456.9,173.4,5,12,17,0,-38649.36,55,Watch,0
ACC00389,941,Normal,32453.69,76783.49,236.6,8,12,20,0,-46589.28,55,Watch,0
ACC00390,460,Normal,27923.42,43367.72,155.3,6,7,13,0,-1636.97,55,Watch,0
ACC00391,2617,Normal,58594.63,41446.99,70.7,8,9,17,0,-12114.06,30,Normal,0
ACC00392,458,Normal,28454.81,35077.05,123.3,5,6,11,0,27997.51,55,Watch,0
ACC00393,2945,Normal,37133.51,39252.43,105.7,6,11,17,0,-13876.69,55,Watch,0
ACC00394,1143,Normal,29654.33,69903.12,235.7,4,11,15,0,-31269.47,25,Normal,0
ACC00395,1833,Normal,30794.37,32317.18,104.9,6,6,12,0,20319.26,55,Watch,0
ACC00396,671,Normal,22336.56,54377.25,243.4,3,8,11,0,-22446.31,25,Normal,0
ACC00397,2513,Normal,28005.62,55826.09,199.3,7,9,16,0,360.92,55,Watch,0
ACC00398,1188,Normal,49841.6,50168.72,100.7,9,10,19,0,23590.06,55,Watch,0
ACC00399,2551,Normal,32581.16,71838.0,220.5,6,12,18,0,-46631.66,55,Watch,0
ACC00400,2615,Normal,54084.17,57137.23,105.6,8,10,18,0,-37718.28,55,Watch,0
ACC00401,342,Normal,32127.07,23344.75,72.7,6,4,10,0,15242.47,30,Normal,0
ACC00402,2716,Normal,20595.97,12977.09,63.0,5,3,8,0,29284.93,30,Normal,0
ACC00403,515,Normal,20774.67,63120.94,303.8,5,9,14,0,38.81,55,Watch,0
ACC00404,1897,Normal,23045.17,37483.77,162.7,3,8,11,0,-29795.03,25,Normal,0
ACC00405,2872,Normal,34969.54,24237.04,69.3,6,3,9,0,990.31,30,Normal,0
ACC00406,2570,Normal,61770.38,82843.27,134.1,9,9,18,0,-33723.12,55,Watch,0
ACC00407,2495,Normal,12510.11,39480.7,315.6,3,6,9,0,-19050.41,25,Normal,0
ACC00408,2321,Normal,46769.96,71334.63,152.5,8,9,17,0,-18165.57,55,Watch,0
ACC00409,1475,Normal,25287.69,56649.44,224.0,4,7,11,0,-39951.9,25,Normal,0
ACC00410,1248,Normal,75201.32,64138.11,85.3,12,9,22,0,2595.03,30,Normal,0
ACC00411,1016,Normal,25059.98,81005.24,323.2,5,12,17,0,-58063.84,55,Watch,0
ACC00412,2923,Normal,25488.93,35915.48,140.9,7,5,12,0,-14530.65,55,Watch,0
ACC00413,3113,Normal,26100.18,60337.48,231.2,4,12,16,0,-2386.2,25,Normal,0
ACC00414,1466,Normal,40908.07,69637.38,170.2,7,9,16,0,-36923.2,55,Watch,0
ACC00415,1157,Normal,43194.65,49411.53,114.4,6,10,16,0,-10353.11,55,Watch,0
ACC00416,1267,Normal,43752.41,91904.02,210.1,6,12,18,0,-46341.34,55,Watch,0
ACC00417,1801,Normal,82636.35,63230.25,76.5,12,10,23,0,8863.79,30,Normal,0
ACC00418,716,Normal,19900.77,9537.59,47.9,5,3,8,0,-2867.14,30,Normal,0
ACC00419,2931,Normal,38177.9,11732.31,30.7,5,4,9,0,36175.96,30,Normal,0
ACC00420,2823,Normal,14536.38,74535.2,512.7,3,12,15,0,-61607.6,25,Normal,0
ACC00421,1408,Normal,28643.12,11575.29,40.4,9,2,11,0,42157.44,30,Normal,0
ACC00422,2052,Normal,18279.37,39270.43,214.8,5,4,9,0,105.42,55,Watch,0
ACC00423,1475,Normal,24575.21,36400.39,148.1,4,8,13,0,-29318.59,25,Normal,0
ACC00424,3259,Normal,32312.86,60335.32,186.7,4,11,15,0,-40110.12,25,Normal,0
ACC00425,477,Normal,88746.25,49415.23,55.7,12,11,23,0,-24519.46,30,Normal,0
ACC00426,218,Normal,61639.16,40932.51,66.4,9,10,19,0,26947.0,30,Normal,0
ACC00427,2057,Normal,61983.09,66176.6,106.8,10,8,18,0,-25321.93,55,Watch,0
ACC00428,2724,Normal,54549.69,44135.2,80.9,8,7,15,0,1247.78,30,Normal,0
ACC00429,2486,Normal,67961.84,76589.06,112.7,10,10,20,0,-88.16,55,Watch,0
ACC00430,589,Normal,44889.76,16699.76,37.2,6,3,9,0,46726.54,30,Normal,0
ACC00431,480,Normal,54089.67,56560.59,104.6,7,7,14,0,482.84,55,Watch,0
ACC00432,2382,Normal,51444.62,61359.54,119.3,8,11,19,0,-1014.63,55,Watch,0
ACC00433,1053,Normal,39072.67,13387.11,34.3,7,2,9,0,7904.24,30,Normal,0
ACC00434,2252,Normal,44253.26,49071.94,110.9,8,5,13,0,-19126.46,55,Watch,0
ACC00435,1266,Normal,47336.26,75987.12,160.5,11,11,22,0,-19043.87,55,Watch,0
ACC00436,722,Normal,77316.31,25822.33,33.4,13,5,18,0,22018.05,30,Normal,0
ACC00437,1609,Normal,64275.97,61824.17,96.2,10,12,22,0,23750.87,55,Watch,0
ACC00438,461,Normal,59482.55,12249.36,20.6,8,2,10,0,24073.97,30,Normal,0
ACC00439,1180,Normal,20741.71,62271.73,300.2,5,10,15,0,-38903.55,55,Watch,0
ACC00440,1693,Normal,30934.5,22483.24,72.7,4,3,7,0,29690.9,0,Normal,0
ACC00441,1347,Normal,26805.32,44660.77,166.6,5,7,12,0,9527.57,55,Watch,0
ACC00442,826,Normal,35411.17,52653.8,148.7,5,10,15,0,-29945.77,55,Watch,0
ACC00443,1974,Normal,62414.39,60082.9,96.3,11,10,21,0,-12869.66,55,Watch,0
ACC00444,3595,Normal,54314.37,44767.89,82.4,6,7,13,0,-3234.2,30,Normal,0
ACC00445,2405,Normal,28265.94,35857.65,126.9,6,6,12,0,17706.49,55,Watch,0
ACC00446,3061,Normal,49581.98,19409.26,39.1,8,2,10,0,44590.15,30,Normal,0
ACC00447,1419,Normal,37578.97,46916.52,124.8,8,5,13,0,19153.37,55,Watch,0
ACC00448,2685,Normal,79154.04,58887.9,74.4,11,10,22,0,12678.2,30,Normal,0
ACC00449,3485,Normal,54883.14,48283.81,88.0,9,9,18,0,3365.22,30,Normal,0
ACC00450,2858,Normal,30176.37,48780.63,161.7,6,9,15,0,4355.1,55,Watch,0
ACC00451,2346,Normal,23944.26,33500.21,139.9,5,7,12,0,718.78,55,Watch,0
ACC00452,212,Normal,21734.52,25091.94,115.4,5,3,8,0,7001.45,55,Watch,0
ACC00453,2915,Normal,31296.51,64130.38,204.9,5,7,13,0,-11106.95,55,Watch,0
ACC00454,3526,Normal,31071.54,5942.22,19.1,4,2,6,0,25675.85,0,Normal,0
ACC00455,2451,Normal,12520.12,54853.47,438.1,4,9,13,0,-37068.5,25,Normal,0
ACC00456,1406,Normal,49280.94,60525.09,122.8,10,9,19,0,-27814.25,55,Watch,0
ACC00457,2897,Normal,41317.01,68895.21,166.7,7,12,19,0,-15112.23,55,Watch,0
ACC00458,604,Normal,43543.91,91980.81,211.2,8,12,20,0,-39164.34,55,Watch,0
ACC00459,730,Normal,38002.42,42935.43,113.0,6,8,14,0,2887.64,55,Watch,0
ACC00460,1263,Normal,37094.34,23187.6,62.5,8,3,11,0,28849.63,30,Normal,0
ACC00461,652,Normal,54589.25,64889.68,118.9,10,10,20,0,-29098.5,55,Watch,0
ACC00462,618,Normal,45974.28,73457.05,159.8,7,11,18,0,-15439.89,55,Watch,0
ACC00463,3220,Normal,89283.27,17467.23,19.6,13,2,15,0,42777.83,30,Normal,0
ACC00464,2446,Normal,64170.07,56432.63,87.9,10,9,19,0,13576.12,30,Normal,0
ACC00465,816,Normal,54707.93,26232.31,47.9,10,5,15,0,-1705.79,30,Normal,0
ACC00466,1295,Normal,89531.0,61805.54,69.0,14,11,25,0,-5713.23,30,Normal,0
ACC00467,1334,Normal,48713.78,64055.24,131.5,7,12,19,0,-80.44,55,Watch,0
ACC00468,2657,Normal,44004.67,18679.03,42.4,7,5,12,0,31780.27,30,Normal,0
ACC00469,1042,Normal,42928.78,89498.71,208.5,8,10,19,0,-34208.27,55,Watch,0
ACC00470,3119,Normal,25418.29,33089.28,130.2,5,5,10,0,-7000.94,55,Watch,0
ACC00471,1584,Normal,42378.68,51033.99,120.4,8,7,15,0,12020.49,55,Watch,0
ACC00472,1013,Normal,44822.48,69403.23,154.8,6,11,17,0,-26265.74,55,Watch,0
ACC00473,2995,Normal,81299.36,24289.66,29.9,13,4,18,0,38920.49,30,Normal,0
ACC00474,2777,Normal,36702.27,46377.12,126.4,8,11,19,0,6636.49,55,Watch,0
ACC00475,1261,Normal,74922.06,31333.82,41.8,9,6,15,0,49009.76,30,Normal,0
ACC00476,2250,Normal,63281.15,59298.42,93.7,7,8,16,0,-4990.34,30,Normal,0
ACC00477,2181,Normal,25512.63,70225.1,275.3,6,10,16,0,-29827.16,55,Watch,0
ACC00478,1208,Normal,47481.04,29130.01,61.4,7,4,11,0,10981.63,30,Normal,0
ACC00479,3645,Normal,18331.51,49764.52,271.5,5,10,15,0,-17096.47,55,Watch,0
ACC00480,388,Normal,33529.98,70553.83,210.4,5,11,16,0,-54776.34,55,Watch,0
ACC00481,558,Normal,40080.87,30049.39,75.0,5,5,10,0,15786.77,30,Normal,0
ACC00482,2778,Normal,76843.24,54938.37,71.5,13,10,23,0,-8896.42,30,Normal,0
ACC00483,1914,Normal,37545.87,52039.39,138.6,7,8,15,0,-29508.94,55,Watch,0
ACC00484,3577,Normal,59168.6,26759.42,45.2,10,4,14,0,30166.3,30,Normal,0
ACC00485,1313,Normal,27581.54,88149.07,319.6,6,11,17,0,-30407.58,55,Watch,0
ACC00486,360,Normal,55117.66,70714.66,128.3,7,12,19,0,-13515.37,55,Watch,0
ACC00487,194,Normal,40776.22,38175.17,93.6,9,6,15,0,13398.94,30,Normal,0
ACC00488,1546,Normal,36222.87,9372.64,25.9,4,2,6,0,17435.33,0,Normal,0
ACC00489,3338,Normal,24225.16,12561.51,51.9,4,2,6,0,21756.03,0,Normal,0
ACC00490,715,Normal,68448.78,17012.71,24.9,10,2,13,0,19780.79,30,Normal,0
ACC00491,2789,Normal,52745.53,29719.19,56.3,9,5,14,0,3531.58,30,Normal,0
ACC00492,1252,Normal,55654.22,38437.76,69.1,7,8,15,0,-4038.07,30,Normal,0
ACC00493,841,Normal,37709.71,70090.62,185.9,5,11,16,0,-30964.37,55,Watch,0
ACC00494,3216,Normal,27803.84,7176.3,25.8,6,2,8,0,-3379.13,30,Normal,0
ACC00495,1989,Normal,20230.1,13276.56,65.6,3,3,6,0,33201.25,0,Normal,0
ACC00496,2439,Normal,28050.47,64292.19,229.2,3,12,15,0,-6787.83,25,Normal,0
ACC00497,3070,Normal,65396.36,41782.59,63.9,10,5,15,0,51276.74,30,Normal,0
ACC00498,1931,Normal,68729.48,41543.77,60.4,10,6,16,0,19835.96,30,Normal,0
ACC00499,2477,Normal,11416.77,66096.1,578.9,3,8,11,0,-17804.31,25,Normal,0
ACC00500,219,Normal,42018.95,44081.46,104.9,6,7,13,0,-29870.56,55,Watch,0
ACC00501,638,Normal,54850.15,39151.88,71.4,12,9,21,0,-13397.83,30,Normal,0
ACC00502,488,Normal,56989.27,91748.21,161.0,9,11,20,0,-34286.87,55,Watch,0
ACC00503,3010,Normal,65674.21,50419.51,76.8,10,8,18,0,13772.27,30,Normal,0
ACC00504,790,Normal,41653.16,40066.35,96.2,8,7,15,0,7652.46,55,Watch,0
ACC00505,2414,Normal,41344.33,43728.53,105.8,5,10,15,0,32786.0,55,Watch,0
ACC00506,327,Normal,26731.25,15788.63,59.1,4,3,7,0,30012.61,0,Normal,0
ACC00507,3598,Normal,49556.59,69844.83,140.9,8,11,19,0,-22741.5,55,Watch,0
ACC00508,1692,Normal,83900.72,16786.76,20.0,12,2,14,0,51037.78,30,Normal,0
ACC00509,2565,Normal,63596.31,42749.12,67.2,9,9,18,0,18503.23,30,Normal,0
ACC00510,2443,Normal,42316.78,22402.42,52.9,11,3,14,0,51993.74,30,Normal,0
ACC00511,786,Normal,42110.78,58464.68,138.8,7,9,16,0,-15193.57,55,Watch,0
ACC00512,1940,Normal,40075.15,55952.59,139.6,7,8,15,0,19033.79,55,Watch,0
ACC00513,702,Normal,46258.22,14679.17,31.7,7,5,12,0,107.42,30,Normal,0
ACC00514,351,Normal,17783.82,56902.64,320.0,4,11,15,0,-26876.31,25,Normal,0
ACC00515,1442,Normal,83873.64,22428.95,26.7,10,5,15,0,31020.96,30,Normal,0
ACC00516,1673,Normal,54525.48,92860.24,170.3,9,12,21,0,-19054.85,55,Watch,0
ACC00517,3440,Normal,54619.48,54884.07,100.5,6,9,15,0,1054.67,55,Watch,0
ACC00518,343,Normal,58322.41,63329.68,108.6,7,10,17,0,5495.95,55,Watch,0
ACC00519,1645,Normal,82095.74,37319.85,45.5,13,7,20,0,16830.41,30,Normal,0
ACC00520,1040,Normal,25676.61,20444.04,79.6,4,3,7,0,9523.75,0,Normal,0
ACC00521,2973,Normal,50463.63,58250.08,115.4,6,11,17,0,-31123.27,55,Watch,0
ACC00522,1202,Normal,35926.11,85645.99,238.4,6,11,17,0,-52290.85,55,Watch,0
ACC00523,2911,Normal,26899.58,13737.18,51.1,4,3,7,0,7038.87,0,Normal,0
ACC00524,601,Normal,80997.72,46713.14,57.7,10,9,20,0,13695.97,30,Normal,0
ACC00525,1628,Normal,73355.94,18584.09,25.3,11,2,13,0,34198.92,30,Normal,0
ACC00526,3375,Normal,53051.72,39297.39,74.1,8,6,14,0,53208.91,30,Normal,0
ACC00527,2473,Normal,23352.53,12441.59,53.3,4,2,6,0,4360.53,0,Normal,0
ACC00528,1844,Normal,52478.77,18058.44,34.4,10,3,13,0,54266.98,30,Normal,0
ACC00529,2722,Normal,14451.19,57654.26,399.0,3,9,12,0,-10062.83,25,Normal,0
ACC00530,3249,Normal,60516.39,26466.37,43.7,8,5,13,0,42400.87,30,Normal,0
ACC00531,813,Normal,32640.17,8679.45,26.6,8,3,11,0,56527.2,30,Normal,0
ACC00532,1149,Normal,36982.51,52418.59,141.7,6,8,14,0,-11015.92,55,Watch,0
ACC00533,845,Normal,31404.39,60511.74,192.7,5,7,12,0,7730.78,55,Watch,0
ACC00534,3456,Normal,30943.28,78963.99,255.2,3,10,13,0,-47572.87,25,Normal,0
ACC00535,3500,Normal,16731.62,72238.93,431.8,3,12,15,0,-40183.39,25,Normal,0
ACC00536,905,Normal,41179.67,70352.58,170.8,7,11,18,0,-32798.57,55,Watch,0
ACC00537,1868,Normal,46226.93,12953.91,28.0,8,3,11,0,70005.24,30,Normal,0
ACC00538,281,Normal,67366.5,52464.08,77.9,9,10,19,0,24157.87,30,Normal,0
ACC00539,914,Normal,40985.48,21297.94,52.0,6,4,10,0,49620.46,30,Normal,0
ACC00540,3196,Normal,29273.05,20619.86,70.4,3,7,11,0,-1144.9,0,Normal,0
ACC00541,1540,Normal,50414.8,54559.51,108.2,8,8,16,0,20548.27,55,Watch,0
ACC00542,3384,Normal,46795.67,33448.79,71.5,9,7,16,0,3783.22,30,Normal,0
ACC00543,1866,Normal,6807.58,46545.63,683.7,1,6,7,0,4583.56,25,Normal,0
ACC00544,3465,Normal,53877.57,60989.48,113.2,11,11,22,0,3240.67,55,Watch,0
ACC00545,2923,Normal,7914.34,17009.77,214.9,3,6,9,0,-4805.36,25,Normal,0
ACC00546,3190,Normal,42992.6,78280.75,182.1,7,12,19,0,-58713.29,55,Watch,0
ACC00547,3500,Normal,77914.31,17751.18,22.8,14,4,18,0,74036.02,30,Normal,0
ACC00548,1196,Normal,63029.59,68566.8,108.8,9,10,20,0,18763.62,55,Watch,0
ACC00549,1272,Normal,34974.4,59390.84,169.8,5,11,16,0,-32279.89,55,Watch,0
ACC00550,832,Normal,44887.65,24817.79,55.3,8,5,13,0,40679.65,30,Normal,0
ACC00551,3405,Normal,51873.67,26406.55,50.9,6,3,9,0,33043.78,30,Normal,0
ACC00552,3052,Normal,16318.54,39926.09,244.7,4,4,8,0,16614.05,25,Normal,0
ACC00553,622,Normal,42526.88,15983.74,37.6,6,3,9,0,47643.42,30,Normal,0
ACC00554,1746,Normal,40984.86,11141.54,27.2,8,2,10,0,11406.94,30,Normal,0
ACC00555,338,Normal,68174.03,64263.88,94.3,11,12,24,0,12846.5,30,Normal,0
ACC00556,2107,Normal,37818.62,58508.4,154.7,5,10,15,0,-28487.03,55,Watch,0
ACC00557,1091,Normal,41026.66,58477.12,142.5,6,8,14,0,7876.74,55,Watch,0
ACC00558,997,Normal,57671.45,63448.11,110.0,9,8,18,0,-19661.32,55,Watch,0
ACC00559,3524,Normal,20750.25,49201.89,237.1,4,9,13,0,16582.7,25,Normal,0
ACC00560,2065,Normal,26206.9,67734.78,258.5,6,11,17,0,-15280.28,55,Watch,0
ACC00561,1612,Normal,39524.77,26619.94,67.4,4,3,7,0,20961.36,0,Normal,0
ACC00562,1430,Normal,43718.68,22754.38,52.0,7,5,12,0,27517.15,30,Normal,0
ACC00563,3540,Normal,35849.01,13609.52,38.0,7,3,10,0,20590.72,30,Normal,0
ACC00564,3437,Normal,31936.56,48199.8,150.9,7,8,15,0,6085.94,55,Watch,0
ACC00565,1112,Normal,39855.46,28455.91,71.4,8,4,12,0,7936.59,30,Normal,0
ACC00566,1093,Normal,52091.18,41929.29,80.5,9,5,14,0,-3964.86,30,Normal,0
ACC00567,276,Normal,62224.33,25741.22,41.4,9,4,13,0,59644.63,30,Normal,0
ACC00568,2883,Normal,40021.89,31077.23,77.7,8,5,13,0,-110.83,30,Normal,0
ACC00569,971,Normal,73042.39,59974.49,82.1,9,10,19,0,36861.83,30,Normal,0
ACC00570,1812,Normal,58620.17,40408.79,68.9,8,8,16,0,42646.04,30,Normal,0
ACC00571,1524,Normal,86721.45,61562.82,71.0,15,11,26,0,22071.37,30,Normal,0
ACC00572,1321,Normal,57846.41,31827.73,55.0,10,8,18,0,18905.23,30,Normal,0
ACC00573,464,Normal,24176.42,58870.84,243.5,6,12,18,0,-4390.82,55,Watch,0
ACC00574,3347,Normal,58641.91,47160.75,80.4,7,8,15,0,-166.13,30,Normal,0
ACC00575,1323,Normal,47098.67,81224.48,172.5,6,11,17,0,-7714.51,55,Watch,0
ACC00576,1618,Normal,24333.47,18930.8,77.8,7,3,10,0,8016.61,30,Normal,0
ACC00577,2807,Normal,42339.56,21028.92,49.7,7,4,11,0,9737.05,30,Normal,0
ACC00578,2266,Normal,12558.2,69113.83,550.3,4,12,16,0,-26559.71,25,Normal,0
ACC00579,1817,Normal,21778.12,71279.68,327.3,3,10,13,0,-41382.02,25,Normal,0
ACC00580,2963,Normal,56150.37,57352.84,102.1,8,11,19,0,-32510.89,55,Watch,0
ACC00581,3635,Normal,21272.31,47080.99,221.3,4,8,12,0,-13311.66,25,Normal,0
ACC00582,2376,Normal,42017.22,28438.61,67.7,7,4,11,0,44784.66,30,Normal,0
ACC00583,1536,Normal,54698.21,48888.16,89.4,6,6,13,0,-2579.56,30,Normal,0
ACC00584,293,Normal,14521.21,44716.37,307.9,5,9,14,0,-18507.7,55,Watch,0
ACC00585,652,Normal,80408.07,74241.4,92.3,11,11,22,0,-33603.77,30,Normal,0
ACC00586,1249,Normal,69231.11,71282.38,103.0,11,11,22,0,13539.95,55,Watch,0
ACC00587,911,Normal,35141.65,47737.86,135.8,8,6,14,0,17310.5,55,Watch,0
ACC00588,2558,Normal,47835.26,48249.25,100.9,7,9,16,0,-27029.07,55,Watch,0
ACC00589,1267,Normal,39454.26,24372.68,61.8,6,4,10,0,63755.81,30,Normal,0
ACC00590,336,Normal,51420.77,47059.37,91.5,9,7,16,0,-11046.35,30,Normal,0
ACC00591,624,Normal,65336.91,12193.78,18.7,11,2,13,0,41674.4,30,Normal,0
ACC00592,2623,Normal,42582.01,58783.13,138.0,5,12,17,0,-9251.93,55,Watch,0
ACC00593,1959,Normal,59881.24,49987.5,83.5,10,9,19,0,30438.01,30,Normal,0
ACC00594,1595,Normal,6106.02,47334.62,775.2,2,9,11,0,-19232.82,25,Normal,0
ACC00595,3164,Normal,59298.62,30568.51,51.6,10,6,16,0,40126.1,30,Normal,0
ACC00596,3401,Normal,50163.94,30126.88,60.1,6,5,11,0,31513.91,30,Normal,0
ACC00597,1464,Normal,61119.05,57426.34,94.0,9,8,17,0,-26827.06,30,Normal,0
ACC00598,1967,Normal,12533.48,29513.76,235.5,4,8,12,0,19962.22,25,Normal,0
ACC00599,2663,Normal,43000.85,11587.24,26.9,5,3,8,0,26891.72,30,Normal,0
ACC00600,2274,Normal,52837.65,73648.93,139.4,9,10,19,0,22227.61,55,Watch,0
ACC00601,653,Normal,44044.37,13293.9,30.2,8,3,11,0,15700.18,30,Normal,0
ACC00602,1757,Normal,36949.13,23060.96,62.4,6,3,9,0,14667.23,30,Normal,0
ACC00603,2541,Normal,58804.44,50421.9,85.7,11,7,19,0,10852.4,30,Normal,0
ACC00604,958,Normal,23209.81,79034.38,340.5,6,10,17,0,-31651.58,55,Watch,0
ACC00605,1223,Normal,44538.68,15721.12,35.3,7,4,11,0,24871.27,30,Normal,0
ACC00606,361,Normal,36194.18,5181.41,14.3,7,2,9,0,59958.05,30,Normal,0
ACC00607,3083,Normal,83407.21,39865.32,47.8,12,7,19,0,55389.33,30,Normal,0
ACC00608,1966,Normal,35062.78,53719.75,153.2,7,8,15,0,-6100.6,55,Watch,0
ACC00609,186,Normal,39074.37,69777.26,178.6,9,10,19,0,5371.23,55,Watch,0
ACC00610,2309,Normal,36143.93,27212.21,75.3,6,7,13,0,17945.36,30,Normal,0
ACC00611,3483,Normal,21014.01,61230.62,291.4,6,11,17,0,-11064.9,55,Watch,0
ACC00612,2385,Normal,31759.34,62658.19,197.3,7,8,15,0,-1472.66,55,Watch,0
ACC00613,2993,Normal,25897.5,38282.8,147.8,4,8,12,0,16442.4,25,Normal,0
ACC00614,3126,Normal,43812.45,44224.45,100.9,8,6,14,0,9546.47,55,Watch,0
ACC00615,3219,Normal,38615.08,16550.19,42.9,8,5,13,0,-1799.54,30,Normal,0
ACC00616,3198,Normal,19490.97,46104.01,236.5,6,7,14,0,-11336.73,55,Watch,0
ACC00617,2926,Normal,35310.73,34519.41,97.8,4,6,10,0,20643.48,25,Normal,0
ACC00618,987,Normal,9524.51,79611.33,835.9,2,12,14,0,-34337.52,25,Normal,0
ACC00619,1671,Normal,47974.62,22750.52,47.4,8,2,10,0,38425.47,30,Normal,0
ACC00620,1946,Normal,78729.91,20233.88,25.7,12,3,15,0,87728.42,30,Normal,0
ACC00621,466,Normal,35647.84,49378.72,138.5,6,8,14,0,19752.48,55,Watch,0
ACC00622,2900,Normal,30555.58,37627.19,123.1,6,10,16,0,3277.85,55,Watch,0
ACC00623,1532,Normal,33871.93,72717.84,214.7,6,11,17,0,-30022.73,55,Watch,0
ACC00624,2732,Normal,34061.86,6309.55,18.5,4,2,6,0,23621.8,0,Normal,0
ACC00625,1465,Normal,28128.87,39975.14,142.1,6,6,12,0,-21662.34,55,Watch,0
ACC00626,2897,Normal,35291.7,89284.97,253.0,5,11,16,0,-42918.81,55,Watch,0
ACC00627,690,Normal,23723.14,61458.72,259.1,5,7,12,0,-16314.19,55,Watch,0
ACC00628,3128,Normal,45150.94,70797.32,156.8,7,10,17,0,-25452.36,55,Watch,0
ACC00629,1410,Normal,21452.61,51738.72,241.2,3,10,13,0,-6941.06,25,Normal,0
ACC00630,2257,Normal,50425.23,13767.89,27.3,9,2,11,0,75251.26,30,Normal,0
ACC00631,1446,Normal,50417.85,45706.46,90.7,8,7,15,0,9783.09,30,Normal,0
ACC00632,2911,Normal,28562.49,32207.0,112.8,6,6,12,0,10201.42,55,Watch,0
ACC00633,1852,Normal,21683.61,48873.78,225.4,4,10,15,0,-28780.41,25,Normal,0
ACC00634,1516,Normal,14956.61,16115.38,107.7,2,3,5,0,1877.73,25,Normal,0
ACC00635,1828,Normal,64991.4,35987.65,55.4,9,6,16,0,38786.04,30,Normal,0
ACC00636,3035,Normal,54587.4,52492.14,96.2,9,9,18,0,1235.82,55,Watch,0
ACC00637,1391,Normal,38029.06,22631.86,59.5,5,4,9,0,34915.38,30,Normal,0
ACC00638,2450,Normal,68663.01,32917.94,47.9,8,9,17,0,59585.4,30,Normal,0
ACC00639,701,Normal,45102.55,51445.99,114.1,4,11,16,0,-5293.74,25,Normal,0
ACC00640,965,Normal,58478.4,21644.3,37.0,8,5,13,0,47169.05,30,Normal,0
ACC00641,1902,Normal,44342.35,33108.87,74.7,8,11,19,0,24524.97,30,Normal,0
ACC00642,2903,Normal,41109.15,7974.79,19.4,10,2,12,0,38957.76,30,Normal,0
ACC00643,1732,Normal,50563.65,83669.93,165.5,10,11,21,0,-36400.19,55,Watch,0
ACC00644,2954,Normal,26715.25,84341.52,315.7,5,12,17,0,-48868.08,55,Watch,0
ACC00645,3244,Normal,31463.78,68137.14,216.6,6,12,18,0,-24321.56,55,Watch,0
ACC00646,892,Normal,26137.21,10480.55,40.1,7,3,10,0,51481.4,30,Normal,0
ACC00647,2701,Normal,80734.98,9613.7,11.9,10,3,13,0,111476.68,30,Normal,0
ACC00648,2511,Normal,3295.77,15356.14,465.9,3,3,6,0,-3138.1,25,Normal,0
ACC00649,1412,Normal,45102.42,31187.37,69.1,6,6,12,0,51444.2,30,Normal,0
ACC00650,1843,Normal,60156.98,20124.49,33.5,8,2,10,0,35762.4,30,Normal,0
ACC00651,2424,Normal,57275.21,40129.17,70.1,8,7,15,0,9838.43,30,Normal,0
ACC00652,3594,Normal,59593.71,47401.33,79.5,9,8,17,0,16246.39,30,Normal,0
ACC00653,181,Normal,58407.54,15421.23,26.4,9,2,11,0,53077.69,30,Normal,0
ACC00654,1424,Normal,59899.23,21531.18,35.9,10,3,13,0,43348.13,30,Normal,0
ACC00655,1355,Normal,23935.77,80292.48,335.4,3,11,14,0,-40194.91,25,Normal,0
ACC00656,1040,Normal,61544.81,18918.51,30.7,10,3,13,0,38376.73,30,Normal,0
ACC00657,1940,Normal,28177.1,14822.63,52.6,6,3,9,0,22567.65,30,Normal,0
ACC00658,3398,Normal,33108.28,54818.47,165.6,7,10,17,0,-5048.56,55,Watch,0
ACC00659,2555,Normal,41965.59,41454.56,98.8,7,6,13,0,42331.43,55,Watch,0
ACC00660,2664,Normal,14271.05,50231.16,352.0,4,12,16,0,7629.23,25,Normal,0
ACC00661,2861,Normal,26319.52,61441.66,233.4,3,8,11,0,5543.08,25,Normal,0
ACC00662,1499,Normal,34228.46,29746.61,86.9,7,5,12,0,15159.19,30,Normal,0
ACC00663,2084,Normal,43524.66,38548.0,88.6,6,5,11,0,-6223.48,30,Normal,0
ACC00664,1989,Normal,46707.94,22442.04,48.0,10,3,13,0,37114.55,30,Normal,0
ACC00665,1991,Normal,20951.48,70325.99,335.7,4,11,16,0,-38721.09,25,Normal,0
ACC00666,2947,Normal,42441.5,19039.32,44.9,5,4,9,0,34685.97,30,Normal,0
ACC00667,1055,Normal,34373.72,20585.08,59.9,4,5,9,0,18913.88,0,Normal,0
ACC00668,2273,Normal,53062.3,67629.16,127.5,8,9,17,0,-27522.57,55,Watch,0
ACC00669,2118,Normal,41162.9,26216.01,63.7,8,4,12,0,25257.23,30,Normal,0
ACC00670,3431,Normal,31848.47,43248.27,135.8,6,5,11,0,7807.33,55,Watch,0
ACC00671,3440,Normal,32690.43,57673.58,176.4,4,9,13,0,-13722.63,25,Normal,0
ACC00672,3194,Normal,25096.02,88348.62,352.0,7,12,19,0,-58432.72,55,Watch,0
ACC00673,875,Normal,28571.63,76057.3,266.2,5,12,17,0,-43740.04,55,Watch,0
ACC00674,2878,Normal,52729.25,39280.58,74.5,10,7,17,0,35839.03,30,Normal,0
ACC00675,527,Normal,38933.22,44997.32,115.6,7,9,16,0,-12054.96,55,Watch,0
ACC00676,1342,Normal,45434.31,60350.26,132.8,8,10,18,0,-29434.42,55,Watch,0
ACC00677,2291,Normal,45784.09,60700.49,132.6,7,12,19,0,5274.53,55,Watch,0
ACC00678,2899,Normal,30460.73,36409.03,119.5,7,7,14,0,24099.75,55,Watch,0
ACC00679,2772,Normal,53643.23,34720.83,64.7,9,5,14,0,45495.54,30,Normal,0
ACC00680,2716,Normal,27634.61,35682.07,129.1,7,6,13,0,41418.22,55,Watch,0
ACC00681,1552,Normal,25380.68,67689.22,266.7,4,8,13,0,-9252.55,25,Normal,0
ACC00682,562,Normal,52533.59,59515.86,113.3,9,7,16,0,-6188.16,55,Watch,0
ACC00683,3532,Normal,53738.46,42029.6,78.2,9,9,18,0,22639.46,30,Normal,0
ACC00684,3256,Normal,24230.98,23547.82,97.2,4,5,9,0,23918.86,25,Normal,0
ACC00685,1142,Normal,66467.57,73050.41,109.9,11,9,20,0,-22328.32,55,Watch,0
ACC00686,2935,Normal,11550.85,37616.32,325.7,3,5,8,0,-1703.35,25,Normal,0
ACC00687,1451,Normal,48631.14,66005.38,135.7,7,11,18,0,-17514.74,55,Watch,0
ACC00688,1100,Normal,50524.38,81415.23,161.1,8,11,19,0,-26092.95,55,Watch,0
ACC00689,3483,Normal,24372.77,31346.93,128.6,4,4,8,0,-4055.5,25,Normal,0
ACC00690,995,Normal,40333.19,78864.58,195.5,7,12,19,0,-18658.47,55,Watch,0
ACC00691,783,Normal,38932.68,70213.34,180.3,8,11,20,0,-38269.09,55,Watch,0
ACC00692,280,Normal,11007.87,52603.98,477.9,2,7,9,0,-18059.29,25,Normal,0
ACC00693,369,Normal,42737.16,60355.63,141.2,5,10,15,0,-14782.36,55,Watch,0
ACC00694,1182,Normal,56371.88,67174.37,119.2,10,11,21,0,20698.28,55,Watch,0
ACC00695,2126,Normal,63423.82,40903.85,64.5,7,5,12,0,53357.1,30,Normal,0
ACC00696,2683,Normal,62565.86,63847.28,102.0,11,11,22,0,-6294.82,55,Watch,0
ACC00697,3327,Normal,48906.41,67306.4,137.6,7,11,18,0,-10105.26,55,Watch,0
ACC00698,478,Normal,31720.41,17941.33,56.6,6,2,8,0,16666.1,30,Normal,0
ACC00699,2045,Normal,41627.77,49692.31,119.4,5,10,16,0,-14304.32,55,Watch,0
ACC00700,1877,Normal,59483.44,26476.69,44.5,8,6,14,0,29431.17,30,Normal,0
ACC00701,2759,Normal,57870.19,24871.31,43.0,9,4,13,0,23847.04,30,Normal,0
ACC00702,2537,Normal,39870.43,80208.85,201.2,6,12,18,0,-34037.88,55,Watch,0
ACC00703,976,Normal,52784.12,92012.39,174.3,10,10,20,0,-20597.6,55,Watch,0
ACC00704,3122,Normal,37590.1,66489.27,176.9,5,9,15,0,-44366.65,55,Watch,0
ACC00705,3032,Normal,65573.76,23763.09,36.2,10,5,16,0,25595.31,30,Normal,0
ACC00706,1752,Normal,41153.25,90296.31,219.4,9,11,21,0,-30102.76,55,Watch,0
ACC00707,2204,Normal,91255.23,48090.25,52.7,15,7,22,0,45887.19,30,Normal,0
ACC00708,1816,Normal,37115.07,16561.85,44.6,6,2,8,0,25474.73,30,Normal,0
ACC00709,1179,Normal,57025.59,32644.75,57.2,9,6,15,0,41457.84,30,Normal,0
ACC00710,784,Normal,66970.81,27958.6,41.7,10,5,15,0,73385.77,30,Normal,0
ACC00711,2867,Normal,50079.4,65837.97,131.5,9,12,21,0,-20094.38,55,Watch,0
ACC00712,2996,Normal,52091.3,46780.26,89.8,7,8,15,0,6885.13,30,Normal,0
ACC00713,202,Normal,43328.2,10771.06,24.9,6,2,8,0,41792.51,30,Normal,0
ACC00714,3255,Normal,52633.93,25048.5,47.6,10,4,14,0,14944.61,30,Normal,0
ACC00715,3334,Normal,66761.55,12639.4,18.9,11,2,13,0,44764.2,30,Normal,0
ACC00716,616,Normal,70700.93,54638.7,77.3,10,9,19,0,60319.0,30,Normal,0
ACC00717,3368,Normal,24170.01,46838.28,193.8,5,10,15,0,-1794.36,55,Watch,0
ACC00718,1921,Normal,46296.18,42657.4,92.1,6,8,14,0,19859.05,30,Normal,0
ACC00719,1076,Normal,18214.52,43036.67,236.3,5,6,11,0,-30556.33,55,Watch,0
ACC00720,900,Normal,22018.7,26299.13,119.4,5,4,9,0,27860.64,55,Watch,0
ACC00721,3473,Normal,70634.74,9320.38,13.2,13,2,15,0,55362.21,30,Normal,0
ACC00722,3030,Normal,5344.61,26223.34,490.7,2,7,9,0,9307.27,25,Normal,0
ACC00723,2301,Normal,12560.39,48784.09,388.4,3,7,10,0,-23666.64,25,Normal,0
ACC00724,2082,Normal,41446.74,11463.19,27.7,6,2,8,0,46854.69,30,Normal,0
ACC00725,385,Normal,21519.54,49096.88,228.2,7,10,17,0,-30710.94,55,Watch,0
ACC00726,2463,Normal,20396.11,70379.18,345.1,4,11,16,0,-41169.26,25,Normal,0
ACC00727,1200,Normal,61704.09,26365.42,42.7,13,3,16,0,74216.29,30,Normal,0
ACC00728,677,Normal,40230.34,58800.25,146.2,5,11,16,0,-3752.25,55,Watch,0
ACC00729,2049,Normal,27193.36,32825.43,120.7,6,6,12,0,2034.08,55,Watch,0
ACC00730,726,Normal,47845.43,35595.32,74.4,8,4,12,0,28394.81,30,Normal,0
ACC00731,3462,Normal,27052.56,18103.89,66.9,6,3,9,0,31431.89,30,Normal,0
ACC00732,2083,Normal,48787.61,56432.42,115.7,7,11,18,0,-1423.72,55,Watch,0
ACC00733,2914,Normal,69829.77,29390.55,42.1,9,5,14,0,23371.26,30,Normal,0
ACC00734,2355,Normal,49048.86,31484.42,64.2,7,4,11,0,53424.2,30,Normal,0
ACC00735,2469,Normal,39430.95,47149.92,119.6,10,6,16,0,-8769.76,55,Watch,0
ACC00736,2618,Normal,36764.05,42344.62,115.2,7,9,16,0,1807.8,55,Watch,0
ACC00737,1479,Normal,8888.78,84020.11,945.2,2,10,12,0,-40981.77,25,Normal,0
ACC00738,3273,Normal,36008.29,19624.09,54.5,7,4,11,0,23662.54,30,Normal,0
ACC00739,1992,Normal,36133.0,59737.41,165.3,6,9,15,0,15025.42,55,Watch,0
ACC00740,2689,Normal,48111.08,49006.92,101.9,9,7,16,0,8645.57,55,Watch,0
ACC00741,3518,Normal,26121.34,9423.05,36.1,4,2,6,0,51848.87,0,Normal,0
ACC00742,3126,Normal,58284.85,36326.6,62.3,6,7,13,0,68785.05,30,Normal,0
ACC00743,2247,Normal,31257.03,51650.64,165.2,4,8,12,0,11810.89,25,Normal,0
ACC00744,1927,Normal,45041.4,45946.41,102.0,7,5,12,0,7595.56,55,Watch,0
ACC00745,3582,Normal,41889.06,22935.57,54.8,9,4,13,0,60023.62,30,Normal,0
ACC00746,2424,Normal,43798.24,67353.85,153.8,8,10,18,0,14857.05,55,Watch,0
ACC00747,2006,Normal,48142.95,53904.5,112.0,8,12,20,0,-5427.8,55,Watch,0
ACC00748,831,Normal,89037.53,13364.52,15.0,12,2,14,0,79621.69,30,Normal,0
ACC00749,3226,Normal,56497.12,58714.77,103.9,8,10,18,0,938.64,55,Watch,0
ACC00750,2124,Normal,27177.39,78365.38,288.3,5,12,17,0,-43423.89,55,Watch,0
ACC00751,2023,Normal,31712.92,16888.5,53.3,5,2,7,0,17175.18,30,Normal,0
ACC00752,1241,Normal,37343.26,27414.97,73.4,5,4,9,0,8855.58,30,Normal,0
ACC00753,3259,Normal,52441.51,53345.41,101.7,5,7,12,0,-4366.88,55,Watch,0
ACC00754,1192,Normal,55236.96,68296.86,123.6,7,11,18,0,9182.2,55,Watch,0
ACC00755,3620,Normal,53882.6,41176.24,76.4,8,6,14,0,26002.3,30,Normal,0
ACC00756,2791,Normal,63830.57,59657.43,93.5,7,11,18,0,12.03,30,Normal,0
ACC00757,1315,Normal,44903.55,36559.95,81.4,9,7,16,0,-11092.94,30,Normal,0
ACC00758,3316,Normal,37357.82,21566.13,57.7,6,4,10,0,28558.44,30,Normal,0
ACC00759,3365,Normal,75871.53,23680.46,31.2,11,3,14,0,41827.1,30,Normal,0
ACC00760,2315,Normal,45461.39,20899.98,46.0,6,4,10,0,26325.25,30,Normal,0
ACC00761,2164,Normal,52972.03,45051.98,85.0,9,11,20,0,14488.4,30,Normal,0
ACC00762,2747,Normal,11904.45,37115.5,311.8,2,9,11,0,15341.13,25,Normal,0
ACC00763,1159,Normal,21595.77,40859.13,189.2,7,8,15,0,23113.99,55,Watch,0
ACC00764,1304,Normal,41321.56,53237.03,128.8,10,9,19,0,-258.28,55,Watch,0
ACC00765,1981,Normal,25234.8,48315.0,191.5,7,11,18,0,14457.42,55,Watch,0
ACC00766,497,Normal,89348.53,58776.83,65.8,10,8,19,0,29924.79,30,Normal,0
ACC00767,3102,Normal,28215.72,70997.08,251.6,4,12,16,0,-15655.29,25,Normal,0
ACC00768,1350,Normal,25270.89,46746.14,185.0,3,9,12,0,20175.16,25,Normal,0
ACC00769,1140,Normal,64054.67,31736.13,49.5,10,5,15,0,69418.53,30,Normal,0
ACC00770,1292,Normal,48372.9,51156.86,105.8,9,8,17,0,21372.09,55,Watch,0
ACC00771,1555,Normal,82811.93,45071.11,54.4,14,12,26,0,36045.76,30,Normal,0
ACC00772,1489,Normal,37639.93,55607.58,147.7,6,9,15,0,-34752.63,55,Watch,0
ACC00773,2392,Normal,17017.72,11316.83,66.5,3,3,6,0,27406.27,0,Normal,0
ACC00774,510,Normal,27512.47,8665.76,31.5,7,2,9,0,56292.31,30,Normal,0
ACC00775,746,Normal,61144.4,79992.2,130.8,10,10,20,0,-27779.22,55,Watch,0
ACC00776,797,Normal,30760.24,83517.0,271.5,5,10,15,0,-9654.57,55,Watch,0
ACC00777,1127,Normal,49108.18,67158.19,136.8,9,8,17,0,13110.7,55,Watch,0
ACC00778,1748,Normal,38372.12,49230.74,128.3,8,9,17,0,10383.69,55,Watch,0
ACC00779,3022,Normal,28027.27,76316.03,272.3,4,9,13,0,-19401.79,25,Normal,0
ACC00780,805,Normal,22678.53,55925.93,246.6,4,7,11,0,-15559.87,25,Normal,0
ACC00781,3073,Normal,63985.91,59858.71,93.5,9,10,19,0,22704.93,30,Normal,0
ACC00782,1056,Normal,49690.71,59477.73,119.7,10,10,20,0,7734.5,55,Watch,0
ACC00783,443,Normal,23687.37,70507.38,297.7,6,11,17,0,-26730.82,55,Watch,0
ACC00784,1879,Normal,41655.01,38940.5,93.5,6,6,12,0,7439.69,30,Normal,0
ACC00785,1849,Normal,32844.59,6517.56,19.8,6,2,8,0,52726.11,30,Normal,0
ACC00786,1535,Normal,48355.8,18685.85,38.6,9,2,11,0,56375.67,30,Normal,0
ACC00787,2402,Normal,39981.45,69575.54,174.0,9,12,21,0,-14548.82,55,Watch,0
ACC00788,2088,Normal,27317.61,5785.86,21.2,5,2,7,0,50150.18,30,Normal,0
ACC00789,1883,Normal,50780.01,11225.06,22.1,6,3,9,0,48811.51,30,Normal,0
ACC00790,435,Normal,37622.04,15942.27,42.4,5,3,8,0,59134.68,30,Normal,0
ACC00791,1027,Normal,37073.66,49229.43,132.8,6,8,14,0,22520.03,55,Watch,0
ACC00792,3591,Normal,44027.43,74751.08,169.8,8,9,17,0,-2336.79,55,Watch,0
ACC00793,1900,Normal,6575.15,75912.82,1154.5,2,12,14,0,-50892.18,25,Normal,0
ACC00794,1775,Normal,76291.58,83743.23,109.8,8,12,20,0,1641.58,55,Watch,0
ACC00795,3333,Normal,54840.96,54415.69,99.2,11,6,17,0,-1227.23,55,Watch,0
ACC00796,2572,Normal,22301.44,48777.21,218.7,5,6,11,0,-23133.96,55,Watch,0
ACC00797,3028,Normal,31472.11,15360.58,48.8,5,2,7,0,11723.12,30,Normal,0
ACC00798,260,Normal,8918.31,66597.7,746.8,3,11,14,0,-17717.77,25,Normal,0
ACC00799,3315,Normal,70852.2,77845.76,109.9,12,12,24,0,23784.33,55,Watch,0
ACC00800,2538,Normal,21914.73,77884.45,355.4,4,9,13,0,-32084.92,25,Normal,0
ACC00801,1738,Normal,24879.74,41025.7,164.9,5,5,10,0,23774.81,55,Watch,0
ACC00802,2133,Normal,35243.38,77488.7,219.9,5,12,17,0,-6392.54,55,Watch,0
ACC00803,204,Normal,44143.76,55481.26,125.7,7,7,14,0,4197.59,55,Watch,0
ACC00804,1620,Normal,30774.2,30300.9,98.5,4,4,8,0,38645.81,25,Normal,0
ACC00805,1403,Normal,56972.37,9920.3,17.4,10,2,12,0,51897.79,30,Normal,0
ACC00806,3266,Normal,49272.76,41744.88,84.7,9,9,18,0,38009.03,30,Normal,0
ACC00807,1777,Normal,61283.04,55932.64,91.3,8,8,16,0,19125.56,30,Normal,0
ACC00808,3603,Normal,14006.69,67979.22,485.3,4,11,15,0,-42961.24,25,Normal,0
ACC00809,1896,Normal,77216.08,31695.27,41.0,12,6,18,0,46459.8,30,Normal,0
ACC00810,2384,Normal,42476.83,66640.94,156.9,6,12,18,0,5324.76,55,Watch,0
ACC00811,3241,Normal,18072.59,18322.04,101.4,4,3,7,0,1111.02,25,Normal,0
ACC00812,3189,Normal,29980.23,33558.98,111.9,9,6,15,0,37070.72,55,Watch,0
ACC00813,2416,Normal,72922.46,30416.19,41.7,13,5,18,0,86235.93,30,Normal,0
ACC00814,3456,Normal,84027.16,29894.89,35.6,12,6,18,0,67897.29,30,Normal,0
ACC00815,2650,Normal,43284.55,16501.79,38.1,5,5,10,0,45219.99,30,Normal,0
ACC00816,1083,Normal,27959.73,24290.45,86.9,6,5,11,0,-3171.53,30,Normal,0
ACC00817,2179,Normal,63798.64,45591.29,71.5,11,6,17,0,13326.07,30,Normal,0
ACC00818,1078,Normal,36674.48,76525.66,208.7,5,12,17,0,-4590.25,55,Watch,0
ACC00819,1297,Normal,67208.96,44510.79,66.2,10,11,21,0,19733.77,30,Normal,0
ACC00820,1965,Normal,43990.6,50731.1,115.3,7,8,15,0,11632.01,55,Watch,0
ACC00821,2169,Normal,7051.32,61524.66,872.5,2,10,12,0,-34702.37,25,Normal,0
ACC00822,298,Normal,54528.94,15620.9,28.6,9,3,12,0,63385.28,30,Normal,0
ACC00823,1772,Normal,18306.76,24662.95,134.7,5,4,9,0,1431.29,55,Watch,0
ACC00824,1556,Normal,55667.46,10461.24,18.8,11,4,15,0,51185.19,30,Normal,0
ACC00825,2919,Normal,28281.42,19018.42,67.2,7,3,10,0,44049.47,30,Normal,0
ACC00826,2961,Normal,59306.65,28191.01,47.5,11,4,15,0,74894.69,30,Normal,0
ACC00827,3449,Normal,82403.08,80624.06,97.8,14,12,26,0,-10080.5,55,Watch,0
ACC00828,1836,Normal,43653.66,42854.35,98.2,7,7,14,0,18483.32,55,Watch,0
ACC00829,3146,Normal,75447.68,48143.76,63.8,10,12,22,0,53796.17,30,Normal,0
ACC00830,856,Normal,36785.73,33067.35,89.9,5,6,11,0,41128.41,30,Normal,0
ACC00831,3622,Normal,11385.58,41943.36,368.4,4,6,10,0,15637.34,25,Normal,0
ACC00832,2094,Normal,26718.76,72085.13,269.8,6,12,18,0,-30997.76,55,Watch,0
ACC00833,702,Normal,58125.48,5505.3,9.5,7,2,9,0,53134.38,30,Normal,0
ACC00834,2728,Normal,52421.05,64702.56,123.4,10,10,20,0,-9383.05,55,Watch,0
ACC00835,2367,Normal,23367.33,77455.82,331.5,7,11,18,0,-53212.13,55,Watch,0
ACC00836,290,Normal,52002.37,69477.71,133.6,6,11,17,0,-19983.75,55,Watch,0
ACC00837,1793,Normal,22617.41,32655.82,144.4,6,5,11,0,-998.83,55,Watch,0
ACC00838,2604,Normal,48437.49,14450.22,29.8,7,2,9,0,72675.53,30,Normal,0
ACC00839,2491,Normal,53889.73,66776.86,123.9,9,12,21,0,29845.43,55,Watch,0
ACC00840,2895,Normal,20252.67,19404.6,95.8,4,3,7,0,29886.37,25,Normal,0
ACC00841,291,Normal,108651.41,69929.56,64.4,15,11,26,0,54450.18,30,Normal,0
ACC00842,523,Normal,62298.03,13123.35,21.1,9,2,11,0,73409.3,30,Normal,0
ACC00843,2812,Normal,45257.52,38812.46,85.8,7,7,14,0,36946.48,30,Normal,0
ACC00844,1935,Normal,55237.6,53898.16,97.6,9,8,17,0,35152.34,55,Watch,0
ACC00845,735,Normal,70377.79,36175.84,51.4,11,7,18,0,26888.24,30,Normal,0
ACC00846,2071,Normal,35513.04,23445.16,66.0,5,5,10,0,47804.58,30,Normal,0
ACC00847,924,Normal,22290.27,74228.7,333.0,4,11,15,0,-11544.32,25,Normal,0
ACC00848,385,Normal,23519.9,13737.74,58.4,5,3,8,0,31749.66,30,Normal,0
ACC00849,1245,Normal,31336.98,71136.23,227.0,5,12,17,0,-23590.73,55,Watch,0
ACC00850,1732,Normal,49963.27,37468.9,75.0,10,4,14,0,32720.57,30,Normal,0
ACC00851,1520,Normal,48965.14,60524.67,123.6,7,11,18,0,5553.31,55,Watch,0
ACC00852,1046,Normal,79307.83,13609.63,17.2,11,2,13,0,95978.9,30,Normal,0
ACC00853,2042,Normal,27673.24,40683.64,147.0,7,9,16,0,21298.41,55,Watch,0
ACC00854,1518,Normal,46862.33,20687.8,44.1,8,7,15,0,30314.73,30,Normal,0
ACC00855,1562,Normal,42326.18,32718.25,77.3,6,6,12,0,37554.93,30,Normal,0
ACC00856,3297,Normal,32822.99,64139.22,195.4,5,11,16,0,-27809.08,55,Watch,0
ACC00857,1732,Normal,23630.21,53430.77,226.1,3,9,12,0,14517.51,25,Normal,0
ACC00858,1319,Normal,45128.46,40730.91,90.3,7,7,14,0,7984.96,30,Normal,0
ACC00859,3260,Normal,48796.23,66021.3,135.3,6,9,15,0,10247.83,55,Watch,0
ACC00860,3587,Normal,41143.77,12791.65,31.1,7,4,11,0,30154.73,30,Normal,0
ACC00861,1906,Normal,22246.47,26935.3,121.1,3,4,7,0,-11787.84,25,Normal,0
ACC00862,1213,Normal,30250.73,47766.43,157.9,7,7,14,0,20674.76,55,Watch,0
ACC00863,3599,Normal,32299.74,53030.95,164.2,7,10,17,0,-12353.52,55,Watch,0
ACC00864,515,Normal,20809.25,42168.92,202.6,6,8,14,0,6011.05,55,Watch,0
ACC00865,2106,Normal,82472.52,17212.86,20.9,9,3,12,0,83192.31,30,Normal,0
ACC00866,259,Normal,48894.37,15642.06,32.0,9,5,14,0,46270.74,30,Normal,0
ACC00867,3248,Normal,19451.63,43136.77,221.8,7,9,16,0,-8371.11,55,Watch,0
ACC00868,2389,Normal,39896.59,14866.35,37.3,6,3,9,0,44866.51,30,Normal,0
ACC00869,393,Normal,38579.99,39411.33,102.2,6,7,13,0,7740.88,55,Watch,0
ACC00870,1613,Normal,23542.54,44609.06,189.5,5,9,14,0,18436.45,55,Watch,0
ACC00871,1098,Normal,36998.5,35884.23,97.0,5,5,10,0,5156.91,55,Watch,0
ACC00872,2842,Normal,12162.51,42632.13,350.5,4,9,13,0,-13927.7,25,Normal,0
ACC00873,461,Normal,32209.18,73229.22,227.4,6,11,17,0,-8864.55,55,Watch,0
ACC00874,3379,Normal,48074.06,23736.49,49.4,9,3,12,0,24991.06,30,Normal,0
ACC00875,2849,Normal,41914.11,53763.05,128.3,5,9,14,0,-7659.45,55,Watch,0
ACC00876,344,Normal,44611.74,51738.28,116.0,6,9,15,0,10328.15,55,Watch,0
ACC00877,3269,Normal,70957.21,23882.48,33.7,9,4,13,0,60276.37,30,Normal,0
ACC00878,307,Normal,62428.67,19058.27,30.5,9,5,14,0,33274.48,30,Normal,0
ACC00879,1192,Normal,82954.79,77376.45,93.3,11,11,23,0,379.44,30,Normal,0
ACC00880,996,Normal,18126.38,103093.06,568.7,4,12,16,0,-43488.35,25,Normal,0
ACC00881,3617,Normal,48520.75,20975.28,43.2,5,3,8,0,48318.52,30,Normal,0
ACC00882,263,Normal,79013.22,4979.87,6.3,9,2,11,0,80007.59,30,Normal,0
ACC00883,2724,Normal,31559.13,12093.5,38.3,6,2,8,0,56707.22,30,Normal,0
ACC00884,804,Normal,71633.94,19240.66,26.9,9,3,12,0,81025.19,30,Normal,0
ACC00885,1157,Normal,41534.53,24170.7,58.2,8,4,12,0,26771.19,30,Normal,0
ACC00886,697,Normal,37487.52,48113.35,128.3,6,6,12,0,10804.69,55,Watch,0
ACC00887,2119,Normal,43258.36,42830.85,99.0,6,9,15,0,25938.72,55,Watch,0
ACC00888,2922,Normal,38471.34,43226.24,112.4,7,5,12,0,1470.09,55,Watch,0
ACC00889,648,Normal,47576.04,40476.83,85.1,12,8,20,0,318.3,30,Normal,0
ACC00890,2490,Normal,19427.32,29280.33,150.7,4,5,9,0,39054.99,25,Normal,0
ACC00891,1072,Normal,54697.96,66428.36,121.4,8,12,20,0,28124.5,55,Watch,0
ACC00892,2084,Normal,55381.5,27026.42,48.8,7,5,12,0,28873.17,30,Normal,0
ACC00893,3045,Normal,51421.67,51193.38,99.6,6,11,17,0,35197.21,55,Watch,0
ACC00894,1229,Normal,53518.46,27535.63,51.5,7,7,14,0,61255.99,30,Normal,0
ACC00895,3321,Normal,52033.59,45928.12,88.3,10,8,18,0,46728.7,30,Normal,0
ACC00896,1690,Normal,29653.41,66050.66,222.7,6,8,14,0,-3027.61,55,Watch,0
ACC00897,867,Normal,56082.08,70557.24,125.8,8,12,20,0,33187.68,55,Watch,0
ACC00898,2661,Normal,65812.99,72100.27,109.6,9,11,20,0,21193.63,55,Watch,0
ACC00899,2667,Normal,40319.12,47033.17,116.7,8,12,20,0,29886.27,55,Watch,0
ACC00900,3243,Normal,39760.17,69996.55,176.0,7,12,19,0,-25652.76,55,Watch,0
ACC00901,3122,Normal,42450.45,48070.77,113.2,6,10,16,0,7783.49,55,Watch,0
ACC00902,649,Normal,50894.14,54887.88,107.8,6,10,16,0,2867.6,55,Watch,0
ACC00903,3365,Normal,29190.66,71647.7,245.4,4,11,15,0,6611.27,25,Normal,0
ACC00904,3535,Normal,58400.63,56758.99,97.2,9,10,19,0,22589.74,55,Watch,0
ACC00905,850,Normal,29349.46,59417.39,202.4,4,11,15,0,-2733.7,25,Normal,0
ACC00906,1454,Normal,52386.23,79456.62,151.7,7,11,19,0,-1918.02,55,Watch,0
ACC00907,622,Normal,35395.41,67282.14,190.1,7,10,17,0,-27706.69,55,Watch,0
ACC00908,2550,Normal,57278.74,57977.78,101.2,10,9,19,0,16083.95,55,Watch,0
ACC00909,285,Normal,39250.45,4265.72,10.9,7,2,9,0,39191.4,30,Normal,0
ACC00910,1457,Normal,31752.77,34223.68,107.8,5,4,9,0,5514.29,55,Watch,0
ACC00911,2538,Normal,12410.98,8320.8,67.0,3,2,5,0,43865.79,0,Normal,0
ACC00912,2954,Normal,57803.34,34596.06,59.9,8,5,13,0,20732.04,30,Normal,0
ACC00913,1717,Normal,39094.86,24102.69,61.7,6,3,9,0,51927.86,30,Normal,0
ACC00914,1804,Normal,28040.09,17241.88,61.5,5,5,10,0,23702.4,30,Normal,0
ACC00915,3108,Normal,35367.57,57042.17,161.3,7,10,17,0,-3932.24,55,Watch,0
ACC00916,992,Normal,59502.55,24877.63,41.8,10,3,13,0,50232.07,30,Normal,0
ACC00917,491,Normal,31062.43,54034.89,174.0,7,8,15,0,-12744.12,55,Watch,0
ACC00918,2605,Normal,44001.05,52948.49,120.3,8,9,17,0,26866.24,55,Watch,0
ACC00919,3008,Normal,43549.84,46599.64,107.0,9,9,20,0,5691.76,55,Watch,0
ACC00920,3582,Normal,31034.69,11975.25,38.6,5,3,8,0,27510.9,30,Normal,0
ACC00921,2749,Normal,13787.5,42216.58,306.2,4,7,11,0,-20484.63,25,Normal,0
ACC00922,1174,Normal,61574.95,39418.59,64.0,10,5,15,0,62897.54,30,Normal,0
ACC00923,597,Normal,42220.37,42925.49,101.7,7,6,13,0,40632.81,55,Watch,0
ACC00924,3035,Normal,95732.11,44553.19,46.5,12,9,21,0,54158.23,30,Normal,0
ACC00925,3344,Normal,25192.66,57379.53,227.8,4,9,13,0,-434.29,25,Normal,0
ACC00926,1415,Normal,22343.71,81984.64,366.9,4,12,16,0,-30956.2,25,Normal,0
ACC00927,2982,Normal,47521.21,79087.44,166.4,10,12,22,0,8263.77,55,Watch,0
ACC00928,2639,Normal,28544.9,42543.43,149.0,5,6,11,0,3585.24,55,Watch,0
ACC00929,3479,Normal,45251.95,45224.76,99.9,8,7,15,0,48923.7,55,Watch,0
ACC00930,675,Normal,22460.5,60810.25,270.7,5,12,17,0,10863.49,55,Watch,0
ACC00931,3441,Normal,40925.45,42683.41,104.3,8,6,14,0,13675.06,55,Watch,0
ACC00932,2498,Normal,35924.59,25452.34,70.8,8,4,12,0,60265.17,30,Normal,0
ACC00933,3385,Normal,48438.64,21928.5,45.3,7,5,12,0,47135.7,30,Normal,0
ACC00934,348,Normal,43965.99,86390.2,196.5,5,10,16,0,-37288.2,55,Watch,0
ACC00935,1602,Normal,25806.66,47151.64,182.7,4,8,13,0,28226.05,25,Normal,0
ACC00936,2362,Normal,56228.05,19108.97,34.0,8,7,15,0,72884.82,30,Normal,0
ACC00937,1934,Normal,18246.37,15231.9,83.5,4,2,6,0,12710.95,0,Normal,0
ACC00938,2889,Normal,7625.6,66952.75,878.0,2,12,14,0,-41889.63,25,Normal,0
ACC00939,1697,Normal,45905.56,20146.12,43.9,8,5,13,0,65370.1,30,Normal,0
ACC00940,462,Normal,50183.68,57032.38,113.6,10,10,20,0,475.49,55,Watch,0
ACC00941,2252,Normal,53156.79,51079.94,96.1,8,6,14,0,17161.2,55,Watch,0
ACC00942,2832,Normal,56284.34,12646.92,22.5,8,2,11,0,59293.12,30,Normal,0
ACC00943,1577,Normal,8501.4,61994.33,729.2,2,10,12,0,-23287.98,25,Normal,0
ACC00944,231,Normal,50552.96,27453.05,54.3,10,7,17,0,54669.25,30,Normal,0
ACC00945,1900,Normal,56487.51,15052.71,26.6,11,3,14,0,61665.24,30,Normal,0
ACC00946,3548,Normal,73884.32,45593.22,61.7,10,8,18,0,44940.1,30,Normal,0
ACC00947,2187,Normal,67923.98,78560.96,115.7,11,11,23,0,22226.63,55,Watch,0
ACC00948,612,Normal,58486.21,46377.68,79.3,10,11,21,0,26841.24,30,Normal,0
ACC00949,1955,Normal,86676.41,83481.9,96.3,14,12,26,0,45151.86,55,Watch,0
ACC00950,1663,Normal,25334.33,36941.96,145.8,5,8,13,0,32314.75,55,Watch,0
MULE_L1_001,51,Layer1,226991.88,87048.45,38.3,6,3,10,2.0,140162.31,75,High_Risk,1
MULE_L1_002,45,Layer1,529205.28,113240.58,21.4,10,7,17,2.0,416263.72,75,High_Risk,1
MULE_L1_003,37,Layer1,363500.78,164211.54,45.2,8,8,16,9.0,199733.95,75,High_Risk,1
MULE_L1_004,25,Layer1,331751.66,176856.36,53.3,7,7,15,2.0,155262.57,75,High_Risk,1
MULE_L1_005,9,Layer1,248491.62,108194.25,43.5,5,5,10,3.0,140599.23,75,High_Risk,1
MULE_L1_006,21,Layer1,456998.1,147601.08,32.3,10,9,21,2.0,309409.95,75,High_Risk,1
MULE_L1_007,25,Layer1,452740.34,100459.3,22.2,8,5,13,5.0,352395.5,75,High_Risk,1
MULE_L1_008,52,Layer1,297259.65,79820.79,26.9,7,4,11,5.0,217776.01,75,High_Risk,1
MULE_L1_009,25,Layer1,406663.28,139067.25,34.2,8,8,16,6.0,268026.29,75,High_Risk,1
MULE_L1_010,51,Layer1,312649.36,184564.62,59.0,5,10,15,2.0,128378.3,75,High_Risk,1
MULE_L1_011,36,Layer1,459538.49,121885.82,26.5,8,8,16,3.0,337663.04,75,High_Risk,1
MULE_L1_012,11,Layer1,211940.3,131982.29,62.3,7,8,17,4.0,80340.39,75,High_Risk,1
MULE_L1_013,50,Layer1,227046.27,167957.65,74.0,7,9,17,2.0,59499.33,75,High_Risk,1
MULE_L1_014,21,Layer1,451628.56,114393.38,25.3,8,6,14,2.0,337523.3,75,High_Risk,1
MULE_L1_015,23,Layer1,365048.04,134632.36,36.9,7,7,14,3.0,230797.23,75,High_Risk,1
MULE_L1_016,57,Layer1,359055.05,70992.31,19.8,8,5,13,5.0,288150.34,75,High_Risk,1
MULE_L1_017,57,Layer1,339628.01,148890.91,43.8,7,6,14,6.0,190996.58,75,High_Risk,1
MULE_L1_018,47,Layer1,233868.35,96462.81,41.2,6,5,12,4.0,137626.65,75,High_Risk,1
MULE_L1_019,44,Layer1,479332.26,206110.06,43.0,10,9,20,3.0,273361.28,75,High_Risk,1
MULE_L1_020,49,Layer1,219047.27,156600.32,71.5,5,8,14,8.0,62945.42,75,High_Risk,1
MULE_L2_001,116,Layer2,208380.25,22760.05,10.9,9,2,12,14.0,185838.14,65,Watch,1
MULE_L2_002,39,Layer2,213512.17,35551.57,16.7,10,4,15,7.0,178367.72,75,High_Risk,1
MULE_L2_003,68,Layer2,74056.43,48016.03,64.8,4,5,9,7.0,26524.93,35,Normal,1
MULE_L2_004,28,Layer2,115541.35,35501.46,30.7,7,4,13,5.0,80274.9,75,High_Risk,1
MULE_L2_005,83,Layer2,185521.64,38267.87,20.6,10,4,14,10.0,147457.94,65,Watch,1
MULE_L2_006,42,Layer2,121476.45,29380.35,24.2,8,3,11,8.0,92256.63,75,High_Risk,1
MULE_L2_007,96,Layer2,167269.75,49430.62,29.6,8,5,13,11.0,117891.43,65,Watch,1
MULE_L2_008,33,Layer2,77914.12,17967.19,23.1,4,2,6,9.0,60027.34,45,Watch,1
MULE_L2_009,48,Layer2,120731.86,39735.33,32.9,8,6,14,8.0,81202.35,75,High_Risk,1
MULE_L2_010,119,Layer2,79859.21,49989.91,62.6,5,4,11,10.0,30117.03,65,Watch,1
MULE_L2_011,32,Layer2,156713.08,27970.67,17.8,7,3,13,5.0,129073.7,75,High_Risk,1
MULE_L2_012,23,Layer2,119994.49,28509.63,23.8,8,2,11,25.0,91685.09,40,Watch,1
MULE_L2_013,21,Layer2,139978.23,35224.32,25.2,8,5,14,19.0,105134.16,40,Watch,1
MULE_L2_014,35,Layer2,99835.03,14635.35,14.7,4,2,7,25.0,85218.03,10,Normal,1
MULE_L2_015,115,Layer2,175082.07,17182.9,9.8,7,3,11,5.0,157943.2,65,Watch,1
MULE_L2_016,53,Layer2,67770.46,28079.93,41.4,4,4,8,5.0,39816.73,45,Watch,1
MULE_L2_017,90,Layer2,70948.03,37071.66,52.3,3,5,10,10.0,33934.33,35,Normal,1
MULE_L2_018,109,Layer2,158181.13,46038.92,29.1,9,4,13,5.0,112528.48,65,Watch,1
MULE_L2_019,119,Layer2,152327.68,59545.88,39.1,7,5,12,10.0,93214.26,65,Watch,1
MULE_L2_020,86,Layer2,145878.7,25920.54,17.8,7,3,13,7.0,120370.62,65,Watch,1
MULE_L3_001,103,Layer3+,24969.43,4888.52,19.6,4,1,6,47.0,20081.49,0,Normal,1
MULE_L3_002,142,Layer3+,52184.92,6036.4,11.6,5,1,7,31.0,46583.2,30,Normal,1
MULE_L3_003,61,Layer3+,85984.82,6957.41,8.1,9,1,11,42.0,79258.4,30,Normal,1
MULE_L3_004,149,Layer3+,57033.5,6483.92,11.4,7,1,8,23.0,50576.68,30,Normal,1
MULE_L3_005,107,Layer3+,58748.04,8945.43,15.2,6,1,8,41.0,50061.83,30,Normal,1
MULE_L3_006,133,Layer3+,69569.22,2479.95,3.6,9,1,10,29.0,67400.59,30,Normal,1
MULE_L3_007,99,Layer3+,78725.09,7709.94,9.8,7,1,9,43.0,71264.4,30,Normal,1
MULE_L3_008,158,Layer3+,104293.7,6379.9,6.1,10,1,12,49.0,98134.82,30,Normal,1
MULE_L3_009,168,Layer3+,59633.1,3121.57,5.2,7,1,8,11.0,56537.34,65,Watch,1
MULE_L3_010,156,Layer3+,95638.36,1923.45,2.0,11,1,13,39.0,93848.44,30,Normal,1
VIC0001,2968,Victim,0.0,43016.74,0,0,1,1,0,-38763.15,0,Normal,1
VIC0002,2248,Victim,0.0,139006.66,0,0,3,3,0,-134890.28,0,Normal,1
VIC0003,3262,Victim,0.0,71133.64,0,0,1,1,0,-43891.18,0,Normal,1
VIC0004,991,Victim,0.0,30758.88,0,0,1,1,0,-12265.94,0,Normal,1
VIC0007,3370,Victim,0.0,26612.41,0,0,1,1,0,-23448.37,0,Normal,1
VIC0012,2569,Victim,0.0,50614.64,0,0,1,1,0,-41364.48,0,Normal,1
VIC0013,3537,Victim,0.0,126580.45,0,0,2,2,0,-115942.87,0,Normal,1
VIC0014,2345,Victim,0.0,24210.45,0,0,1,1,0,16762.13,0,Normal,1
VIC0015,2269,Victim,0.0,76735.2,0,0,1,1,0,-38424.76,0,Normal,1
VIC0016,2149,Victim,0.0,118723.74,0,0,2,2,0,-97688.5,0,Normal,1
VIC0021,1370,Victim,0.0,10718.63,0,0,1,1,0,29514.99,0,Normal,1
VIC0024,2211,Victim,0.0,50047.81,0,0,1,1,0,-35202.76,0,Normal,1
VIC0025,1363,Victim,0.0,34713.93,0,0,1,1,0,-1738.83,0,Normal,1
VIC0026,3438,Victim,0.0,55242.05,0,0,1,1,0,-9981.95,0,Normal,1
VIC0027,2268,Victim,0.0,57027.15,0,0,1,1,0,-29895.33,0,Normal,1
VIC0030,3101,Victim,0.0,20565.7,0,0,1,1,0,-9990.23,0,Normal,1
VIC0031,1917,Victim,0.0,69210.67,0,0,3,3,0,-53152.76,0,Normal,1
VIC0032,1742,Victim,0.0,15331.65,0,0,1,1,0,-12272.49,0,Normal,1
VIC0034,2389,Victim,0.0,64530.49,0,0,1,1,0,-59920.01,0,Normal,1
VIC0036,1109,Victim,0.0,63802.48,0,0,1,1,0,-18663.79,0,Normal,1
VIC0039,1818,Victim,0.0,12193.25,0,0,1,1,0,30881.98,0,Normal,1
VIC0040,3632,Victim,0.0,38129.48,0,0,1,1,0,-15651.69,0,Normal,1
VIC0041,1423,Victim,0.0,72870.55,0,0,1,1,0,-43532.13,0,Normal,1
VIC0042,1759,Victim,0.0,42680.48,0,0,1,1,0,-27045.59,0,Normal,1
VIC0044,2806,Victim,0.0,51978.03,0,0,1,1,0,-22951.58,0,Normal,1
VIC0045,3237,Victim,0.0,78061.2,0,0,1,1,0,-70328.0,0,Normal,1
VIC0049,2481,Victim,0.0,34507.51,0,0,1,1,0,3691.57,0,Normal,1
VIC0054,2029,Victim,0.0,95918.75,0,0,2,2,0,-63585.14,0,Normal,1
VIC0055,2366,Victim,0.0,119012.86,0,0,2,2,0,-78692.7,0,Normal,1
VIC0058,1349,Victim,0.0,35774.75,0,0,1,1,0,13595.25,0,Normal,1
VIC0059,3193,Victim,0.0,23198.43,0,0,1,1,0,15932.15,0,Normal,1
VIC0062,3280,Victim,0.0,92307.55,0,0,2,2,0,-72125.88,0,Normal,1
VIC0065,3612,Victim,0.0,79997.88,0,0,2,2,0,-37557.91,0,Normal,1
VIC0068,1570,Victim,0.0,25761.22,0,0,1,1,0,-11522.29,0,Normal,1
VIC0069,1272,Victim,0.0,75368.46,0,0,1,1,0,-40997.97,0,Normal,1
VIC0072,1361,Victim,0.0,38858.28,0,0,1,1,0,7250.51,0,Normal,1
VIC0074,3084,Victim,0.0,92827.28,0,0,2,2,0,-45115.65,0,Normal,1
VIC0076,1876,Victim,0.0,60665.21,0,0,1,1,0,-16513.78,0,Normal,1
VIC0077,2303,Victim,0.0,112458.17,0,0,2,2,0,-65862.0,0,Normal,1
VIC0079,2539,Victim,0.0,133227.12,0,0,3,3,0,-107690.57,0,Normal,1
VIC0083,2619,Victim,0.0,74787.93,0,0,1,1,0,-57054.86,0,Normal,1
VIC0085,1806,Victim,0.0,15535.51,0,0,1,1,0,15421.8,0,Normal,1
VIC0086,3243,Victim,0.0,19665.24,0,0,1,1,0,29503.22,0,Normal,1
VIC0087,2223,Victim,0.0,134606.08,0,0,2,2,0,-93755.61,0,Normal,1
VIC0090,1394,Victim,0.0,34188.38,0,0,1,1,0,-5128.2,0,Normal,1
VIC0093,3319,Victim,0.0,89432.12,0,0,2,2,0,-70207.02,0,Normal,1
VIC0096,854,Victim,0.0,25529.79,0,0,1,1,0,17833.03,0,Normal,1
VIC0098,2559,Victim,0.0,75095.78,0,0,1,1,0,-44489.3,0,Normal,1
VIC0100,3191,Victim,0.0,56815.22,0,0,1,1,0,-45457.2,0,Normal,1
VIC0101,1123,Victim,0.0,13668.45,0,0,1,1,0,620.87,0,Normal,1
VIC0102,1149,Victim,0.0,47199.89,0,0,1,1,0,-17648.84,0,Normal,1
VIC0103,1251,Victim,0.0,18001.84,0,0,1,1,0,12793.3,0,Normal,1
VIC0106,1497,Victim,0.0,59627.51,0,0,1,1,0,-10476.8,0,Normal,1
VIC0108,2779,Victim,0.0,11764.67,0,0,1,1,0,-6061.51,0,Normal,1
VIC0109,3478,Victim,0.0,81173.3,0,0,2,2,0,-52550.51,0,Normal,1
VIC0110,2513,Victim,0.0,129719.42,0,0,2,2,0,-119229.34,0,Normal,1
VIC0111,2809,Victim,0.0,150510.5,0,0,2,2,0,-112735.05,0,Normal,1
VIC0112,1524,Victim,0.0,48696.74,0,0,1,1,0,-5938.98,0,Normal,1
VIC0113,776,Victim,0.0,35993.82,0,0,1,1,0,4672.03,0,Normal,1
VIC0114,1160,Victim,0.0,48752.66,0,0,2,2,0,-29475.19,0,Normal,1
VIC0118,1099,Victim,0.0,37761.21,0,0,1,1,0,11401.84,0,Normal,1
VIC0121,3265,Victim,0.0,26795.04,0,0,1,1,0,-12099.08,0,Normal,1
VIC0124,1488,Victim,0.0,50206.02,0,0,1,1,0,-42574.65,0,Normal,1
VIC0125,551,Victim,0.0,23987.45,0,0,1,1,0,-1691.87,0,Normal,1
VIC0127,2631,Victim,0.0,52758.55,0,0,2,2,0,-4151.85,0,Normal,1
VIC0128,1561,Victim,0.0,130106.0,0,0,2,2,0,-106392.04,0,Normal,1
VIC0129,3221,Victim,0.0,67935.17,0,0,1,1,0,-38113.29,0,Normal,1
VIC0130,882,Victim,0.0,28461.38,0,0,1,1,0,1961.32,0,Normal,1
VIC0133,2375,Victim,0.0,66067.91,0,0,1,1,0,-37891.24,0,Normal,1
VIC0135,415,Victim,0.0,100585.56,0,0,2,2,0,-53729.34,0,Normal,1
VIC0136,2716,Victim,0.0,140224.17,0,0,3,3,0,-94190.28,0,Normal,1
VIC0138,2287,Victim,0.0,26113.43,0,0,1,1,0,17432.8,0,Normal,1
VIC0143,575,Victim,0.0,99786.09,0,0,2,2,0,-68131.62,0,Normal,1
VIC0148,2006,Victim,0.0,74068.18,0,0,1,1,0,-39730.38,0,Normal,1
VIC0149,2379,Victim,0.0,77748.45,0,0,1,1,0,-42485.23,0,Normal,1
VIC0155,986,Victim,0.0,150505.28,0,0,3,3,0,-111389.15,0,Normal,1
VIC0157,2670,Victim,0.0,68123.01,0,0,1,1,0,-22111.48,0,Normal,1
VIC0159,713,Victim,0.0,31488.34,0,0,1,1,0,-16244.77,0,Normal,1
VIC0160,1381,Victim,0.0,125370.41,0,0,2,2,0,-102038.62,0,Normal,1
VIC0162,2650,Victim,0.0,42718.18,0,0,1,1,0,2621.18,0,Normal,1
VIC0163,3496,Victim,0.0,44786.84,0,0,1,1,0,-2593.32,0,Normal,1
VIC0164,2069,Victim,0.0,91580.98,0,0,2,2,0,-55552.81,0,Normal,1
VIC0165,2848,Victim,0.0,153780.28,0,0,2,2,0,-145565.3,0,Normal,1
VIC0166,2806,Victim,0.0,173630.3,0,0,3,3,0,-128745.18,0,Normal,1
VIC0167,3603,Victim,0.0,99452.13,0,0,2,2,0,-66164.62,0,Normal,1
VIC0169,1289,Victim,0.0,141975.95,0,0,3,3,0,-104590.41,0,Normal,1
VIC0170,3542,Victim,0.0,61450.38,0,0,1,1,0,-58593.35,0,Normal,1
VIC0172,1923,Victim,0.0,44600.89,0,0,1,1,0,-8947.17,0,Normal,1
VIC0177,2121,Victim,0.0,94776.12,0,0,2,2,0,-59801.37,0,Normal,1
VIC0178,1615,Victim,0.0,120481.68,0,0,2,2,0,-111088.49,0,Normal,1
VIC0180,2908,Victim,0.0,79492.68,0,0,1,1,0,-73638.49,0,Normal,1
VIC0181,611,Victim,0.0,50706.32,0,0,1,1,0,-33870.36,0,Normal,1
VIC0183,3396,Victim,0.0,54966.84,0,0,1,1,0,-34309.32,0,Normal,1
VIC0184,771,Victim,0.0,120781.8,0,0,3,3,0,-88889.89,0,Normal,1
VIC0186,1216,Victim,0.0,188160.12,0,0,3,3,0,-160264.14,0,Normal,1
VIC0187,2927,Victim,0.0,21024.65,0,0,1,1,0,15251.35,0,Normal,1
VIC0190,3070,Victim,0.0,24690.64,0,0,1,1,0,-5140.28,0,Normal,1
VIC0192,1008,Victim,0.0,38803.09,0,0,1,1,0,-7825.14,0,Normal,1
VIC0194,1076,Victim,0.0,69318.8,0,0,1,1,0,-31066.97,0,Normal,1
VIC0195,2625,Victim,0.0,57429.33,0,0,1,1,0,-15851.89,0,Normal,1
VIC0196,672,Victim,0.0,40822.4,0,0,2,2,0,-11836.01,0,Normal,1
VIC0197,1006,Victim,0.0,74177.0,0,0,1,1,0,-58965.82,0,Normal,1
VIC0199,2038,Victim,0.0,69540.82,0,0,2,2,0,-54391.33,0,Normal,1
